School,Gender,Age,Address,Family_Size,Parental_Status,Mother_Education,Father_Education,Mother_Job,Father_Job,Reason_for_Choosing_School,Guardian,Travel_Time,Study_Time,Number_of_Failures,School_Support,Family_Support,Extra_Paid_Class,Extra_Curricular_Activities,Attended_Nursery,Wants_Higher_Education,Internet_Access,In_Relationship,Family_Relationship,Free_Time,Going_Out,Weekend_Alcohol_Consumption,Weekday_Alcohol_Consumption,Health_Status,Number_of_Absences,Grade_1,Grade_2,Final_Grade,Dropped_Out,LMS_Logins_per_Week,Assignment_Lateness_Days,Feedback_Sentiment,Feedback_Sentiment_Score,Activity_Irregularity_Score
GP,F,18,U,GT3,A,4,4,at_home,teacher,course,mother,2,2,0,yes,no,no,no,yes,yes,no,no,4,3,4,1,1,3,4,0,11,11,False,7,0,Negative,-1,0.81
GP,F,17,U,GT3,T,1,1,at_home,other,course,father,1,2,0,no,yes,no,no,no,yes,yes,no,5,3,3,1,1,3,2,9,11,11,False,4,3,Neutral,0,0.79
GP,F,15,U,LE3,T,1,1,at_home,other,other,mother,1,2,0,yes,no,no,no,yes,yes,yes,no,4,3,2,2,3,3,6,12,13,12,False,13,0,Negative,-1,0.3
GP,F,15,U,GT3,T,4,2,health,services,home,mother,1,3,0,no,yes,no,yes,yes,yes,yes,yes,3,2,2,1,1,5,0,14,14,14,False,11,3,Negative,-1,0.08
GP,F,16,U,GT3,T,3,3,other,other,home,father,1,2,0,no,yes,no,no,yes,yes,no,no,4,3,2,1,2,5,0,11,13,13,False,8,0,Positive,1,0.4
GP,M,16,U,LE3,T,4,3,services,other,reputation,mother,1,2,0,no,yes,no,yes,yes,yes,yes,no,5,4,2,1,2,5,6,12,12,13,False,13,0,Negative,-1,0.17
GP,M,16,U,LE3,T,2,2,other,other,home,mother,1,2,0,no,no,no,no,yes,yes,yes,no,4,4,4,1,1,3,0,13,12,13,False,5,2,Positive,1,0.69
GP,F,17,U,GT3,A,4,4,other,teacher,home,mother,2,2,0,yes,yes,no,no,yes,yes,no,no,4,1,4,1,1,1,2,10,13,13,False,7,2,Neutral,0,0.35
GP,M,15,U,LE3,A,3,2,services,other,home,mother,1,2,0,no,yes,no,no,yes,yes,yes,no,4,2,2,1,1,1,0,15,16,17,False,10,5,Positive,1,0.98
GP,M,15,U,GT3,T,3,4,other,other,home,mother,1,2,0,no,yes,no,yes,yes,yes,yes,no,5,5,1,1,1,5,0,12,12,13,False,3,2,Positive,1,0.64
GP,F,15,U,GT3,T,4,4,teacher,health,reputation,mother,1,2,0,no,yes,no,no,yes,yes,yes,no,3,3,3,1,2,2,2,14,14,14,False,7,3,Positive,1,0.82
GP,F,15,U,GT3,T,2,1,services,other,reputation,father,3,3,0,no,yes,no,yes,yes,yes,yes,no,5,2,2,1,1,4,0,10,12,13,False,11,0,Neutral,0,0.13
GP,M,15,U,LE3,T,4,4,health,services,course,father,1,1,0,no,yes,no,yes,yes,yes,yes,no,4,3,3,1,3,5,0,12,13,12,False,11,0,Positive,1,0.86
GP,M,15,U,GT3,T,4,3,teacher,other,course,mother,2,2,0,no,yes,no,no,yes,yes,yes,no,5,4,3,1,2,3,0,12,12,13,False,8,3,Neutral,0,0.92
GP,M,15,U,GT3,A,2,2,other,other,home,other,1,3,0,no,yes,no,no,yes,yes,yes,yes,4,5,2,1,1,3,0,14,14,15,False,5,3,Positive,1,0.49
GP,F,16,U,GT3,T,4,4,health,other,home,mother,1,1,0,no,yes,no,no,yes,yes,yes,no,4,4,4,1,2,2,6,17,17,17,False,4,7,Positive,1,0.61
GP,F,16,U,GT3,T,4,4,services,services,reputation,mother,1,3,0,no,yes,no,yes,yes,yes,yes,no,3,2,3,1,2,2,10,13,13,14,False,8,1,Neutral,0,0.76
GP,F,16,U,GT3,T,3,3,other,other,reputation,mother,3,2,0,yes,yes,no,yes,yes,yes,no,no,5,3,2,1,1,4,2,13,14,14,False,8,0,Neutral,0,0.17
GP,M,17,U,GT3,T,3,2,services,services,course,mother,1,1,3,no,yes,yes,yes,yes,yes,yes,no,5,5,5,2,4,5,2,8,8,7,True,3,3,Positive,1,0.5
GP,M,16,U,LE3,T,4,3,health,other,home,father,1,1,0,no,no,no,yes,yes,yes,yes,no,3,1,3,1,3,5,6,12,12,12,False,6,0,Neutral,0,0.4
GP,M,15,U,GT3,T,4,3,teacher,other,reputation,mother,1,2,0,no,no,no,no,yes,yes,yes,no,4,4,1,1,1,1,0,12,13,14,False,5,5,Negative,-1,0.15
GP,M,15,U,GT3,T,4,4,health,health,other,father,1,1,0,no,yes,yes,no,yes,yes,yes,no,5,4,2,1,1,5,0,11,12,12,False,2,5,Neutral,0,0.37
GP,M,16,U,LE3,T,4,2,teacher,other,course,mother,1,2,0,no,no,no,yes,yes,yes,yes,no,4,5,1,1,3,5,0,12,13,14,False,8,1,Positive,1,0.07
GP,M,16,U,LE3,T,2,2,other,other,reputation,mother,2,2,0,no,yes,no,yes,yes,yes,yes,no,5,4,4,2,4,5,2,10,10,10,False,12,3,Positive,1,0.03
GP,F,15,R,GT3,T,2,4,services,health,course,mother,1,3,0,yes,yes,no,yes,yes,yes,yes,no,4,3,2,1,1,5,2,10,11,10,False,14,3,Negative,-1,0.14
GP,F,16,U,GT3,T,2,2,services,services,home,mother,1,1,0,no,yes,no,no,no,yes,yes,no,1,2,2,1,3,5,6,10,11,12,False,6,0,Positive,1,0.96
GP,M,15,U,GT3,T,2,2,other,other,home,mother,1,1,0,no,yes,no,no,yes,yes,yes,no,4,2,2,1,2,5,8,11,12,12,False,2,5,Negative,-1,0.55
GP,M,15,U,GT3,T,4,2,health,services,other,mother,1,1,0,no,no,no,no,yes,yes,yes,no,2,2,4,2,4,1,0,11,11,11,False,12,1,Neutral,0,0.97
GP,M,16,U,LE3,A,3,4,services,other,home,mother,1,2,0,yes,yes,yes,yes,yes,yes,yes,no,5,3,3,1,1,5,2,12,12,13,False,5,3,Negative,-1,0.43
GP,M,16,U,GT3,T,4,4,teacher,teacher,home,mother,1,2,0,no,yes,yes,yes,yes,yes,yes,yes,4,4,5,5,5,5,4,12,11,12,False,1,0,Neutral,0,0.31
GP,M,15,U,GT3,T,4,4,health,services,home,mother,1,2,0,no,yes,yes,no,no,yes,yes,no,5,4,2,3,4,5,0,10,11,11,False,12,5,Negative,-1,0.51
GP,M,15,U,GT3,T,4,4,services,services,reputation,mother,2,2,0,no,yes,no,yes,yes,yes,yes,no,4,3,1,1,1,5,2,15,15,15,False,10,0,Positive,1,0.44
GP,M,15,R,GT3,T,4,3,teacher,at_home,course,mother,1,2,0,no,yes,no,yes,yes,yes,yes,yes,4,5,2,1,1,5,0,13,14,15,False,6,0,Neutral,0,0.11
GP,M,15,U,LE3,T,3,3,other,other,course,mother,1,2,0,no,no,no,yes,no,yes,yes,no,5,3,2,1,1,2,0,13,12,12,False,13,5,Positive,1,0.64
GP,M,16,U,GT3,T,3,2,other,other,home,mother,1,1,0,no,yes,no,no,no,yes,yes,no,5,4,3,1,1,5,4,12,12,12,False,12,0,Neutral,0,0.22
GP,F,15,U,GT3,T,2,3,other,other,other,father,2,1,0,no,yes,no,yes,yes,yes,no,no,3,5,1,1,1,5,4,11,11,11,False,9,0,Neutral,0,0.62
GP,M,15,U,LE3,T,4,3,teacher,services,home,mother,1,3,0,no,yes,no,yes,yes,yes,yes,no,5,4,3,1,1,4,0,14,14,14,False,1,7,Negative,-1,0.65
GP,M,16,R,GT3,A,4,4,other,teacher,reputation,mother,2,3,0,no,yes,no,yes,yes,yes,yes,yes,2,4,3,1,1,5,4,13,13,13,False,11,7,Negative,-1,0.15
GP,F,15,R,GT3,T,3,4,services,health,course,mother,1,3,0,yes,yes,no,yes,yes,yes,yes,no,4,3,2,1,1,5,2,11,12,12,False,11,1,Neutral,0,0.06
GP,F,15,R,GT3,T,2,2,at_home,other,reputation,mother,1,1,0,yes,yes,no,yes,yes,yes,no,no,4,3,1,1,1,2,8,14,13,12,False,10,2,Positive,1,0.78
GP,F,16,U,LE3,T,2,2,other,other,home,mother,2,2,0,no,yes,no,yes,no,yes,yes,yes,3,3,3,1,2,3,16,11,11,10,False,12,1,Positive,1,0.46
GP,M,15,U,LE3,T,4,4,teacher,other,home,other,1,1,0,no,yes,no,no,no,yes,yes,yes,5,4,3,2,4,5,8,10,11,11,False,12,0,Neutral,0,0.06
GP,M,15,U,GT3,T,4,4,services,teacher,course,father,1,2,0,no,yes,no,yes,yes,yes,yes,no,4,3,3,1,1,5,0,14,15,15,False,14,0,Positive,1,0.99
GP,M,15,U,GT3,T,2,2,services,services,course,father,1,1,0,yes,yes,no,no,yes,yes,yes,no,5,4,1,1,1,1,0,9,10,10,False,14,2,Positive,1,0.06
GP,F,16,U,LE3,T,2,2,other,at_home,course,father,2,2,1,yes,no,no,yes,yes,yes,yes,no,4,3,3,2,2,5,14,10,11,11,False,14,3,Positive,1,0.7
GP,F,15,U,LE3,A,4,3,other,other,course,mother,1,2,0,yes,yes,yes,yes,yes,yes,yes,yes,5,2,2,1,1,5,4,10,11,11,False,3,3,Positive,1,0.98
GP,F,16,U,LE3,A,3,3,other,services,home,mother,1,2,0,no,yes,no,no,yes,yes,yes,no,2,3,5,1,4,3,6,13,12,13,False,12,3,Positive,1,0.24
GP,M,16,U,GT3,T,4,3,health,services,reputation,mother,1,4,0,no,no,no,yes,yes,yes,yes,no,4,2,2,1,1,2,2,17,17,17,False,7,0,Positive,1,0.14
GP,M,15,U,GT3,T,4,2,teacher,other,home,mother,1,2,0,no,yes,no,no,yes,yes,no,no,4,3,3,2,2,5,4,11,12,13,False,4,1,Positive,1,0.12
GP,F,15,U,GT3,T,4,4,services,teacher,other,father,1,2,0,yes,yes,no,yes,no,yes,yes,no,4,4,4,1,1,3,2,13,12,12,False,9,0,Positive,1,0.3
GP,F,16,U,LE3,T,2,2,services,services,course,mother,3,2,0,no,yes,no,no,yes,yes,yes,no,4,3,3,2,3,4,0,14,13,13,False,3,1,Negative,-1,0.1
GP,F,15,U,LE3,T,4,2,health,other,other,mother,1,2,0,no,yes,no,no,yes,yes,yes,no,4,3,3,1,1,5,0,16,14,16,False,5,1,Positive,1,0.69
GP,M,15,U,LE3,A,4,2,health,health,other,father,2,1,0,no,no,no,no,yes,yes,no,no,5,5,5,3,4,5,4,10,9,9,True,3,5,Positive,1,0.06
GP,F,15,U,GT3,T,4,4,services,services,course,mother,1,1,0,yes,yes,no,no,yes,yes,yes,no,3,3,4,2,3,5,0,13,12,12,False,7,0,Neutral,0,0.51
GP,F,15,U,LE3,A,3,3,other,other,other,mother,1,1,0,no,no,no,no,yes,yes,yes,no,5,3,4,4,4,1,0,13,12,13,False,5,0,Positive,1,1.0
GP,F,16,U,GT3,A,2,1,other,other,other,mother,1,2,0,no,no,no,yes,yes,yes,yes,yes,5,3,4,1,1,2,2,12,13,12,False,9,0,Negative,-1,0.81
GP,F,15,U,GT3,A,4,3,services,services,reputation,mother,1,2,0,no,yes,no,yes,yes,yes,yes,no,4,3,2,1,1,1,0,15,14,15,False,7,3,Neutral,0,0.62
GP,M,15,U,GT3,T,4,4,teacher,health,reputation,mother,1,2,0,no,yes,no,yes,yes,yes,no,no,3,2,2,1,1,5,8,15,15,16,False,2,2,Positive,1,0.31
GP,M,15,U,LE3,T,1,2,other,at_home,home,father,1,2,0,yes,yes,no,yes,yes,yes,yes,no,4,3,2,1,1,5,0,14,13,14,False,4,0,Positive,1,0.62
GP,F,16,U,GT3,T,4,2,services,other,course,mother,1,2,0,no,yes,yes,no,yes,yes,yes,no,4,2,3,1,1,5,2,16,15,16,False,9,0,Negative,-1,0.53
GP,F,16,R,GT3,T,4,4,health,teacher,other,mother,1,2,0,no,yes,no,yes,yes,yes,no,no,2,4,4,2,3,4,0,17,16,16,False,12,2,Negative,-1,0.43
GP,F,16,U,GT3,T,1,1,services,services,course,father,4,1,0,yes,yes,no,yes,no,yes,yes,yes,5,5,5,5,5,5,0,10,10,16,False,14,0,Neutral,0,0.13
GP,F,16,U,LE3,T,1,2,other,services,reputation,father,1,2,0,yes,no,no,yes,yes,yes,yes,no,4,4,3,1,1,1,0,13,13,10,False,2,3,Neutral,0,0.89
GP,F,16,U,GT3,T,4,3,teacher,health,home,mother,1,3,0,yes,yes,no,yes,yes,yes,yes,no,3,4,4,2,4,4,0,14,13,13,False,10,2,Positive,1,0.45
GP,F,15,U,LE3,T,4,3,services,services,reputation,father,1,2,0,yes,no,no,yes,yes,yes,yes,yes,4,4,4,2,4,2,0,13,12,12,False,9,0,Negative,-1,0.19
GP,F,16,U,LE3,T,4,3,teacher,services,course,mother,3,2,0,no,yes,no,yes,yes,yes,yes,no,5,4,3,1,2,1,2,16,15,16,False,10,0,Positive,1,0.37
GP,M,15,U,GT3,A,4,4,other,services,reputation,mother,1,4,0,no,yes,no,yes,no,yes,yes,yes,1,3,3,5,5,3,0,11,12,12,False,5,7,Negative,-1,0.41
GP,F,16,U,GT3,T,3,1,services,other,course,mother,1,4,0,yes,yes,no,no,yes,yes,yes,no,4,3,3,1,2,5,0,10,9,10,False,2,0,Neutral,0,0.83
GP,F,15,R,LE3,T,2,2,health,services,reputation,mother,2,2,0,yes,yes,no,no,yes,yes,yes,no,4,1,3,1,3,4,0,11,10,11,False,4,0,Neutral,0,0.73
GP,F,15,R,LE3,T,3,1,other,other,reputation,father,2,4,0,no,yes,no,no,no,yes,yes,no,4,4,2,2,3,3,6,15,15,15,False,12,3,Neutral,0,0.77
GP,M,16,U,GT3,T,3,1,other,other,reputation,father,2,4,0,no,yes,no,no,yes,yes,yes,no,4,3,2,1,1,5,2,13,11,11,False,12,5,Positive,1,0.01
GP,M,15,U,GT3,T,4,2,other,other,course,mother,1,4,0,no,no,no,no,yes,yes,yes,no,3,3,3,1,1,3,0,11,9,10,False,7,7,Positive,1,0.42
GP,F,15,R,GT3,T,1,1,other,other,reputation,mother,1,2,0,yes,yes,no,no,no,yes,yes,yes,3,3,4,2,4,5,2,13,11,11,False,12,3,Positive,1,0.48
GP,M,16,U,GT3,T,3,1,other,other,reputation,mother,1,1,0,no,no,no,yes,yes,yes,no,no,5,3,2,2,2,5,0,13,13,14,False,13,0,Positive,1,0.02
GP,F,16,U,GT3,T,3,3,other,services,home,mother,1,2,0,yes,yes,no,yes,yes,yes,yes,no,4,3,3,2,4,5,4,11,11,11,False,8,0,Neutral,0,0.26
GP,M,15,U,GT3,T,4,3,teacher,other,home,mother,1,2,0,no,yes,no,yes,yes,yes,yes,no,4,3,3,2,3,5,0,11,11,11,False,3,3,Positive,1,0.76
GP,M,15,U,GT3,T,4,0,teacher,other,course,mother,2,4,0,no,no,no,yes,yes,yes,yes,no,3,4,3,1,1,1,0,12,11,11,False,14,1,Positive,1,0.14
GP,F,16,U,GT3,T,2,2,other,other,reputation,mother,1,4,0,no,no,no,no,yes,yes,yes,yes,5,2,3,1,3,3,1,13,13,13,False,1,1,Negative,-1,0.54
GP,M,17,U,GT3,T,2,1,other,other,home,mother,2,1,3,yes,yes,no,yes,yes,no,yes,no,4,5,1,1,1,3,0,9,9,10,False,4,5,Negative,-1,0.22
GP,F,16,U,GT3,T,3,4,at_home,other,course,mother,1,2,0,no,yes,no,no,yes,yes,yes,no,2,4,3,1,2,3,14,12,11,11,False,2,0,Negative,-1,0.01
GP,M,15,U,GT3,T,2,3,other,services,course,father,1,1,0,yes,yes,no,yes,no,yes,yes,yes,3,2,2,1,3,3,0,11,11,12,False,8,1,Negative,-1,0.24
GP,M,15,U,GT3,T,2,3,other,other,home,mother,1,3,0,yes,no,no,no,no,yes,yes,no,5,3,2,1,2,5,2,10,9,9,True,4,0,Positive,1,0.98
GP,F,15,U,LE3,T,3,2,services,other,reputation,mother,1,2,0,no,yes,no,no,yes,yes,yes,no,4,4,4,1,1,5,4,12,11,11,False,2,1,Positive,1,0.8
GP,M,15,U,LE3,T,2,2,services,services,home,mother,2,2,0,no,no,yes,yes,yes,yes,yes,no,5,3,3,1,3,4,2,13,12,13,False,14,0,Neutral,0,0.96
GP,F,15,U,GT3,T,1,1,other,other,home,father,1,2,0,no,yes,no,yes,no,yes,yes,no,4,3,2,2,3,4,2,13,12,12,False,6,0,Neutral,0,0.49
GP,F,15,U,GT3,T,4,4,services,services,reputation,father,2,2,0,no,no,no,no,yes,yes,yes,yes,4,4,4,2,3,5,4,12,11,12,False,6,0,Positive,1,0.11
GP,F,16,U,LE3,T,2,2,at_home,other,course,mother,1,2,0,no,yes,no,no,yes,yes,no,no,4,3,4,1,2,2,6,13,11,11,False,10,2,Negative,-1,0.55
GP,F,15,U,GT3,T,4,2,other,other,reputation,mother,1,3,0,no,yes,no,yes,yes,yes,yes,no,5,3,3,1,3,1,4,15,15,15,False,4,2,Positive,1,0.45
GP,M,16,U,GT3,T,2,2,services,other,reputation,father,2,2,0,no,no,no,yes,no,yes,yes,no,4,4,2,1,1,3,6,12,10,11,False,6,1,Positive,1,0.84
GP,M,16,U,LE3,A,4,4,teacher,health,reputation,mother,1,2,0,no,yes,no,no,yes,yes,no,no,4,1,3,3,5,5,6,9,9,10,False,13,7,Neutral,0,0.1
GP,F,16,U,GT3,T,3,3,other,other,home,mother,1,3,0,no,yes,no,no,yes,yes,yes,yes,4,3,3,1,3,4,2,9,11,11,False,2,0,Neutral,0,0.49
GP,F,15,U,GT3,T,4,3,services,other,reputation,mother,1,1,0,no,no,no,yes,yes,yes,yes,no,4,5,5,1,3,1,6,14,13,13,False,10,0,Neutral,0,0.15
GP,F,16,U,LE3,T,3,1,other,other,home,father,1,2,0,yes,yes,no,no,yes,yes,no,no,3,3,3,2,3,2,0,12,13,12,False,12,5,Positive,1,0.32
GP,F,16,U,GT3,T,4,2,teacher,services,home,mother,2,2,0,no,yes,no,yes,yes,yes,yes,no,5,3,3,1,1,1,2,13,14,14,False,2,0,Negative,-1,0.74
GP,M,15,U,LE3,T,2,2,services,health,reputation,mother,1,4,0,no,yes,no,yes,yes,yes,yes,no,4,3,4,1,1,4,2,11,12,12,False,10,7,Positive,1,0.48
GP,F,15,R,GT3,T,1,1,at_home,other,home,mother,2,4,0,yes,yes,yes,yes,yes,yes,yes,no,3,1,2,1,1,1,4,13,13,13,False,14,0,Positive,1,0.38
GP,M,16,R,GT3,T,4,3,services,other,reputation,mother,2,1,0,yes,yes,yes,yes,no,yes,yes,no,3,3,3,1,1,4,6,9,11,11,False,4,7,Negative,-1,0.39
GP,F,16,U,GT3,T,2,1,other,other,course,mother,1,2,0,no,yes,no,no,yes,yes,no,yes,4,3,5,1,1,5,0,13,12,12,False,14,0,Negative,-1,0.46
GP,F,16,U,GT3,T,4,4,other,other,reputation,mother,1,1,0,no,no,no,yes,no,yes,yes,no,5,3,4,1,2,1,4,12,13,13,False,8,5,Negative,-1,0.79
GP,F,16,U,GT3,T,4,3,other,at_home,course,mother,1,3,0,yes,yes,no,no,yes,yes,yes,no,5,3,5,1,1,3,2,12,13,13,False,14,1,Negative,-1,0.89
GP,M,16,U,GT3,T,4,4,services,services,other,mother,1,1,0,yes,yes,no,yes,yes,yes,yes,no,4,5,5,5,5,4,12,9,9,8,True,7,7,Neutral,0,0.96
GP,M,16,U,GT3,T,4,4,services,teacher,other,father,1,3,0,no,yes,no,yes,yes,yes,yes,yes,4,4,3,1,1,4,0,16,16,16,False,12,0,Neutral,0,0.79
GP,M,15,U,GT3,T,4,4,services,other,course,mother,1,1,0,no,yes,yes,yes,no,yes,yes,no,5,3,3,1,1,5,2,12,13,12,False,9,1,Positive,1,0.32
GP,F,15,U,GT3,T,3,2,services,other,home,mother,2,2,0,yes,yes,no,no,yes,yes,yes,no,4,3,5,1,1,2,16,11,10,10,False,14,7,Positive,1,0.69
GP,M,15,U,GT3,A,3,4,services,other,course,mother,1,2,0,no,yes,no,yes,yes,yes,yes,no,5,4,4,1,1,1,0,16,16,16,False,8,1,Positive,1,0.44
GP,F,15,U,GT3,A,3,3,other,health,reputation,father,1,4,0,yes,no,no,no,yes,yes,no,no,4,3,3,1,1,4,10,10,10,10,False,5,2,Positive,1,0.25
GP,F,15,U,GT3,T,2,2,other,other,course,mother,1,4,0,yes,yes,no,no,yes,yes,yes,no,5,1,2,1,1,3,4,10,10,10,False,13,2,Neutral,0,0.84
GP,M,16,U,GT3,T,3,3,services,other,home,father,1,3,0,no,yes,no,yes,yes,yes,yes,no,5,3,3,1,1,5,4,13,14,14,False,2,1,Neutral,0,0.04
GP,M,15,R,GT3,T,4,4,other,other,home,father,4,4,0,no,yes,no,yes,yes,yes,yes,yes,1,3,5,3,5,1,8,12,10,11,False,5,2,Positive,1,0.9
GP,F,16,U,LE3,T,4,4,health,health,other,mother,1,3,0,no,yes,no,yes,yes,yes,yes,yes,5,4,5,1,1,4,2,15,15,14,False,8,1,Positive,1,0.46
GP,M,15,U,LE3,A,4,4,teacher,teacher,course,mother,1,1,0,no,no,no,yes,yes,yes,yes,no,5,5,3,1,1,4,4,13,14,14,False,10,5,Neutral,0,0.64
GP,F,16,R,GT3,T,3,3,services,other,reputation,father,1,3,0,yes,yes,no,yes,yes,yes,yes,no,4,1,2,1,1,2,4,11,11,11,False,9,0,Positive,1,0.66
GP,F,16,U,GT3,T,2,2,at_home,other,home,mother,1,2,1,yes,no,no,yes,yes,yes,yes,no,3,1,2,1,1,5,12,8,10,10,False,12,0,Negative,-1,0.9
GP,M,15,U,LE3,T,4,2,teacher,other,course,mother,1,1,0,no,no,no,no,yes,yes,yes,no,3,5,2,1,1,3,10,18,17,18,False,12,7,Neutral,0,0.64
GP,M,15,R,GT3,T,2,1,health,services,reputation,mother,1,2,0,no,no,no,yes,yes,yes,yes,yes,5,4,2,1,1,5,4,10,9,10,False,12,5,Neutral,0,0.61
GP,M,16,U,GT3,T,4,4,teacher,teacher,course,father,1,2,0,no,yes,no,yes,yes,yes,yes,no,5,4,4,1,2,5,6,16,14,14,False,13,1,Neutral,0,0.07
GP,M,15,U,GT3,T,4,4,other,teacher,reputation,father,2,2,0,no,yes,no,yes,yes,yes,no,no,4,4,3,1,1,2,4,16,15,16,False,9,2,Negative,-1,0.52
GP,M,16,U,GT3,T,3,3,other,services,home,father,2,1,0,no,no,no,yes,yes,yes,yes,no,5,4,2,1,1,5,6,14,14,15,False,13,0,Positive,1,0.15
GP,M,17,R,GT3,T,1,3,other,other,course,father,3,2,1,no,yes,no,yes,yes,yes,yes,no,5,2,4,1,4,5,14,12,11,11,False,13,0,Neutral,0,0.74
GP,M,15,U,GT3,T,3,4,other,other,reputation,father,1,1,0,no,no,no,no,yes,yes,yes,no,3,4,3,1,2,4,2,14,13,14,False,1,1,Neutral,0,0.51
GP,F,15,U,GT3,T,1,2,at_home,services,course,mother,1,2,0,no,no,no,no,no,yes,yes,no,3,2,3,1,2,1,0,14,14,14,False,9,0,Positive,1,0.68
GP,M,15,U,GT3,T,2,2,services,services,home,father,1,4,0,no,yes,no,yes,yes,yes,yes,no,5,5,4,1,2,5,6,14,13,13,False,7,1,Negative,-1,0.04
GP,F,16,U,LE3,T,2,4,other,health,course,father,2,2,0,no,yes,no,yes,yes,yes,yes,yes,4,2,2,1,2,5,2,14,12,13,False,9,0,Neutral,0,0.08
GP,M,16,U,GT3,T,4,4,health,other,course,mother,1,1,0,no,yes,no,yes,yes,yes,yes,no,3,4,4,1,4,5,4,12,13,13,False,8,7,Neutral,0,0.72
GP,F,16,U,GT3,T,2,2,other,other,home,mother,1,2,0,no,no,no,no,yes,yes,yes,yes,5,4,4,1,1,5,0,12,11,11,False,1,7,Negative,-1,0.07
GP,M,15,U,GT3,T,3,4,services,services,home,father,1,1,0,yes,no,no,no,yes,yes,yes,no,5,5,5,3,2,5,2,9,9,9,True,12,2,Negative,-1,0.07
GP,F,15,U,LE3,A,3,4,other,other,home,mother,1,2,0,yes,no,no,yes,yes,yes,yes,yes,5,3,2,1,1,1,0,10,11,11,False,8,1,Neutral,0,0.01
GP,F,19,U,GT3,T,0,1,at_home,other,course,other,1,2,2,no,yes,no,no,no,no,no,no,3,4,2,1,1,5,0,9,10,11,False,8,0,Negative,-1,0.96
GP,M,16,R,GT3,T,4,4,teacher,teacher,course,mother,1,1,0,no,no,no,yes,yes,yes,yes,no,3,5,5,2,5,4,8,14,14,15,False,11,3,Neutral,0,0.74
GP,M,16,U,GT3,T,2,3,other,other,course,mother,2,3,0,no,yes,no,no,no,yes,yes,yes,3,2,3,2,2,1,4,13,12,13,False,3,2,Neutral,0,0.35
GP,F,15,R,GT3,T,3,4,services,teacher,course,father,2,3,0,no,yes,no,no,yes,yes,yes,yes,4,2,2,2,2,5,0,10,11,12,False,1,0,Neutral,0,0.3
GP,F,18,U,GT3,T,2,1,services,other,reputation,mother,1,2,3,no,yes,no,yes,yes,no,yes,yes,5,4,5,1,3,5,10,10,9,8,True,8,5,Neutral,0,0.35
GP,F,17,U,LE3,A,2,1,other,other,course,mother,3,1,0,no,yes,no,no,yes,yes,yes,no,3,2,2,1,2,5,8,11,10,11,False,3,3,Positive,1,0.77
GP,F,15,U,GT3,T,1,1,at_home,other,course,mother,3,1,0,no,yes,no,yes,no,yes,yes,yes,4,3,3,1,2,4,6,11,12,13,False,3,5,Negative,-1,0.66
GP,F,17,U,LE3,T,2,2,other,other,course,father,1,1,0,no,yes,no,no,yes,yes,yes,yes,3,4,4,1,3,5,2,13,12,12,False,1,2,Negative,-1,0.19
GP,F,16,U,GT3,A,3,4,services,other,course,father,1,1,0,no,no,no,no,yes,yes,yes,no,3,2,1,1,4,5,12,15,13,14,False,11,2,Positive,1,0.17
GP,M,16,U,GT3,T,2,1,at_home,other,course,mother,4,1,0,no,no,no,no,yes,yes,no,no,3,2,1,1,1,2,4,9,9,11,False,5,1,Negative,-1,0.1
GP,F,16,U,GT3,A,2,2,other,other,home,mother,1,1,1,no,no,no,no,yes,yes,no,no,5,3,4,1,1,5,12,13,11,11,False,10,5,Positive,1,0.66
GP,M,15,R,GT3,T,3,4,at_home,teacher,course,mother,4,2,0,no,yes,no,no,yes,yes,no,yes,5,3,3,1,1,5,2,12,11,11,False,7,5,Positive,1,0.76
GP,F,15,U,GT3,T,4,4,services,at_home,course,mother,1,3,0,no,yes,no,yes,yes,yes,yes,yes,4,3,3,1,1,5,4,13,14,15,False,10,0,Neutral,0,0.27
GP,M,17,R,GT3,T,3,4,at_home,other,course,mother,3,2,0,no,no,no,no,yes,yes,no,no,5,4,5,2,4,5,2,10,9,10,False,9,0,Positive,1,0.02
GP,F,16,R,GT3,T,1,1,at_home,other,course,mother,4,2,0,no,yes,no,no,yes,yes,no,no,5,1,3,1,1,3,0,14,13,13,False,12,0,Negative,-1,0.08
GP,M,18,U,LE3,T,3,1,services,services,course,mother,2,1,0,no,no,no,yes,yes,yes,yes,yes,3,3,4,4,5,4,2,11,11,12,False,7,3,Negative,-1,0.97
GP,F,18,U,GT3,A,3,2,other,services,course,other,1,3,0,no,yes,no,yes,no,yes,yes,yes,4,3,3,5,1,5,10,12,11,11,False,9,7,Neutral,0,0.3
GP,F,16,R,GT3,T,1,1,other,services,reputation,mother,2,1,0,no,yes,no,yes,yes,yes,no,yes,3,3,3,1,2,1,8,12,11,11,False,8,0,Positive,1,0.77
GP,F,16,U,GT3,A,3,3,other,other,course,other,2,1,0,no,yes,no,yes,no,yes,yes,yes,4,3,2,1,1,5,4,9,9,10,False,12,1,Positive,1,0.62
GP,M,16,U,LE3,T,1,1,services,other,course,mother,1,2,2,no,no,no,no,yes,yes,no,yes,4,4,4,1,3,5,0,10,10,10,False,2,0,Neutral,0,0.38
GP,F,15,U,GT3,T,4,4,teacher,teacher,course,mother,2,1,0,no,no,no,yes,yes,yes,yes,no,4,3,2,1,1,5,6,13,14,14,False,1,7,Negative,-1,0.21
GP,F,15,R,GT3,T,1,1,other,other,course,mother,3,1,1,no,no,no,yes,yes,yes,yes,yes,5,5,5,1,1,1,2,8,9,9,True,7,3,Neutral,0,0.12
GP,M,15,U,GT3,T,4,3,teacher,services,course,father,2,4,0,yes,yes,no,no,yes,yes,yes,no,2,2,2,1,1,3,6,9,11,11,False,7,3,Positive,1,0.62
GP,F,15,U,GT3,A,3,3,services,services,home,mother,1,2,0,no,no,no,no,no,yes,no,yes,1,3,2,2,3,1,24,9,8,9,True,14,1,Neutral,0,0.77
GP,M,16,U,GT3,T,4,4,services,services,course,mother,1,3,0,no,yes,no,yes,yes,yes,yes,no,5,3,3,1,3,5,0,15,13,13,False,8,1,Neutral,0,0.64
GP,M,16,U,LE3,T,2,2,services,services,reputation,father,2,1,0,no,yes,no,yes,yes,yes,yes,no,2,3,3,2,2,2,4,12,11,11,False,5,0,Neutral,0,0.53
GP,F,15,U,GT3,T,4,4,teacher,services,course,mother,1,3,0,no,yes,no,yes,yes,yes,yes,no,4,2,2,1,1,5,2,13,13,13,False,3,0,Positive,1,0.04
GP,F,16,U,LE3,T,1,1,at_home,at_home,course,mother,1,1,0,no,no,no,no,yes,yes,yes,no,3,4,4,3,3,1,4,10,11,11,False,12,5,Neutral,0,0.97
GP,M,17,U,GT3,T,2,1,other,other,home,mother,1,1,0,no,yes,no,no,yes,yes,yes,no,5,4,5,1,2,5,22,9,7,6,True,8,3,Neutral,0,0.8
GP,F,15,U,GT3,T,1,1,other,services,course,father,1,2,0,no,yes,no,no,yes,yes,yes,no,4,4,2,1,2,5,0,12,12,12,False,6,7,Negative,-1,0.29
GP,F,15,U,LE3,A,2,1,at_home,other,home,mother,2,1,0,no,yes,no,yes,yes,no,yes,yes,4,4,2,1,1,5,0,11,10,10,False,11,7,Positive,1,0.98
GP,F,15,U,GT3,T,3,2,health,services,home,father,1,2,1,no,yes,no,no,yes,yes,yes,no,3,3,2,1,1,3,2,11,11,11,False,3,1,Neutral,0,0.6
GP,F,15,U,GT3,T,1,2,at_home,other,course,mother,1,2,0,no,yes,no,no,no,yes,yes,no,4,3,2,1,1,5,6,13,12,13,False,1,3,Negative,-1,0.58
GP,F,15,U,GT3,T,1,2,at_home,services,course,father,1,2,0,no,no,no,no,no,yes,no,yes,2,3,4,2,4,1,6,11,11,11,False,3,5,Positive,1,0.75
GP,M,16,U,GT3,T,4,4,teacher,teacher,course,mother,1,1,0,no,yes,no,no,yes,no,yes,yes,3,3,2,2,1,5,16,9,9,8,True,5,3,Negative,-1,0.81
GP,M,15,U,LE3,A,2,1,services,other,course,mother,4,1,0,no,no,no,no,yes,yes,yes,no,4,5,5,2,5,5,0,12,11,11,False,14,0,Neutral,0,0.66
GP,M,18,U,LE3,T,1,1,other,other,course,mother,1,1,2,no,no,no,no,yes,no,yes,yes,2,3,5,2,5,4,0,11,9,0,True,3,1,Positive,1,0.13
GP,M,16,U,LE3,T,2,1,at_home,other,course,mother,1,1,1,no,no,no,yes,yes,yes,no,yes,4,4,4,3,5,5,6,9,10,10,False,1,0,Positive,1,0.34
GP,F,15,R,GT3,T,3,3,services,services,reputation,other,2,3,0,no,yes,yes,yes,yes,yes,yes,yes,4,2,1,2,3,3,2,13,13,13,False,5,7,Neutral,0,0.93
GP,M,19,U,GT3,T,3,2,services,at_home,home,mother,1,1,0,no,yes,no,no,yes,no,yes,yes,4,5,4,1,1,4,6,11,9,11,False,10,2,Positive,1,0.22
GP,F,17,U,GT3,T,4,4,other,teacher,course,mother,1,1,0,yes,yes,no,no,yes,yes,no,yes,4,2,1,1,1,4,0,13,13,13,False,7,0,Neutral,0,0.37
GP,M,15,R,GT3,T,2,3,at_home,services,course,mother,1,2,0,yes,no,yes,yes,yes,yes,no,no,4,4,4,1,1,1,0,7,8,8,True,14,2,Positive,1,0.43
GP,M,17,R,LE3,T,1,2,other,other,reputation,mother,1,1,3,no,no,no,no,yes,yes,no,no,2,2,2,3,3,5,14,9,8,10,False,7,2,Neutral,0,0.44
GP,F,18,R,GT3,T,1,1,at_home,other,course,mother,3,1,3,no,yes,no,yes,no,yes,no,no,5,2,5,1,5,4,6,11,10,11,False,11,0,Positive,1,0.61
GP,M,16,R,GT3,T,2,2,at_home,other,course,mother,3,1,0,no,no,no,no,no,yes,no,no,4,2,2,1,2,3,4,12,10,11,False,9,0,Negative,-1,0.94
GP,M,16,U,GT3,T,3,3,other,services,course,father,1,2,1,no,yes,no,no,yes,yes,yes,yes,4,5,5,4,4,5,0,10,10,1,True,10,2,Negative,-1,0.24
GP,M,16,U,LE3,T,1,2,health,services,course,mother,2,1,2,no,no,no,no,no,yes,yes,no,4,4,5,3,5,5,0,9,8,10,False,10,1,Negative,-1,0.12
GP,M,17,R,LE3,T,2,1,at_home,other,course,mother,2,1,1,no,no,yes,yes,yes,no,yes,yes,3,3,2,2,2,5,8,8,8,9,True,12,3,Neutral,0,0.2
GP,M,17,R,GT3,T,3,2,other,other,course,mother,2,2,2,yes,yes,no,no,yes,yes,yes,yes,4,4,4,1,4,3,4,7,6,8,True,13,1,Positive,1,0.89
GP,M,15,U,LE3,T,1,2,other,other,course,mother,2,1,0,no,no,no,yes,yes,yes,no,no,4,4,4,2,4,5,2,8,9,10,False,3,5,Neutral,0,0.65
GP,M,16,U,GT3,T,1,3,at_home,services,course,father,1,1,1,no,no,no,no,yes,no,yes,no,5,3,3,1,4,2,2,9,8,8,True,7,1,Positive,1,0.29
GP,M,17,R,LE3,T,1,1,other,services,course,mother,4,2,0,no,no,no,yes,yes,no,no,yes,5,3,5,1,5,5,0,8,8,8,True,1,1,Positive,1,0.82
GP,M,17,U,GT3,T,3,2,services,services,course,mother,2,1,3,no,yes,no,yes,no,no,no,no,4,5,2,1,1,2,10,8,7,8,True,4,5,Positive,1,0.86
GP,M,16,U,GT3,T,2,2,other,other,course,father,1,2,0,no,no,no,no,yes,no,yes,no,4,3,5,2,4,4,0,9,10,11,False,13,1,Neutral,0,0.85
GP,F,16,U,GT3,T,4,2,health,services,home,father,1,2,0,no,no,no,no,yes,yes,yes,yes,4,2,3,1,1,3,0,17,17,18,False,4,0,Neutral,0,0.92
GP,F,16,U,GT3,T,2,2,other,other,home,mother,1,2,0,no,yes,no,no,no,yes,yes,no,5,1,5,1,1,4,0,12,12,13,False,14,0,Neutral,0,0.25
GP,F,16,U,GT3,T,4,4,health,health,reputation,mother,1,2,0,no,yes,no,no,yes,yes,yes,yes,4,4,2,1,1,3,0,16,16,17,False,5,3,Positive,1,0.76
GP,M,16,U,GT3,T,3,4,other,other,course,father,3,1,1,no,yes,no,yes,no,yes,yes,no,3,4,5,2,4,2,4,9,9,10,False,7,2,Positive,1,0.46
GP,M,16,U,GT3,T,1,0,other,other,reputation,mother,2,2,0,no,yes,no,yes,yes,yes,yes,yes,4,3,2,1,1,3,0,16,17,18,False,7,2,Negative,-1,0.84
GP,M,17,U,LE3,T,4,4,teacher,other,reputation,mother,1,2,0,no,yes,no,yes,yes,yes,yes,no,4,4,4,1,3,5,0,11,9,10,False,13,0,Positive,1,0.73
GP,F,16,U,GT3,T,1,3,at_home,services,home,mother,1,2,0,no,no,no,yes,no,yes,yes,yes,4,3,5,1,1,3,0,14,13,13,False,11,0,Neutral,0,0.78
GP,F,16,U,LE3,T,3,3,other,other,reputation,mother,2,2,0,no,yes,no,yes,yes,yes,yes,no,4,4,5,1,1,4,0,14,14,15,False,13,0,Positive,1,0.66
GP,M,17,U,LE3,T,4,3,teacher,other,course,mother,2,2,0,no,no,no,yes,yes,yes,yes,no,4,4,4,4,4,4,0,10,11,11,False,4,0,Neutral,0,0.18
GP,F,16,U,GT3,T,2,2,services,other,reputation,mother,2,2,0,no,no,no,yes,no,yes,yes,no,3,4,4,1,4,5,0,13,12,14,False,13,1,Neutral,0,0.55
GP,M,17,U,GT3,T,3,3,other,other,reputation,father,1,2,0,no,no,no,yes,no,yes,yes,no,4,3,4,1,4,4,4,11,9,10,False,7,0,Positive,1,0.98
GP,M,16,R,GT3,T,4,2,teacher,services,other,mother,1,1,0,no,yes,no,yes,yes,yes,yes,yes,4,3,3,3,4,3,8,10,9,11,False,11,1,Positive,1,0.94
GP,M,17,U,GT3,T,4,3,other,other,course,mother,1,2,0,no,yes,yes,yes,yes,yes,yes,yes,5,2,3,1,1,2,4,11,11,13,False,3,5,Neutral,0,0.04
GP,M,16,U,GT3,T,4,3,teacher,other,home,mother,1,2,0,no,yes,yes,yes,yes,yes,yes,no,3,4,3,2,3,3,4,11,10,11,False,6,0,Neutral,0,0.16
GP,M,16,U,GT3,T,3,3,services,other,home,mother,1,2,0,no,no,no,yes,yes,yes,yes,yes,4,2,3,1,2,3,0,11,12,13,False,12,1,Positive,1,0.13
GP,F,17,U,GT3,T,2,4,services,services,reputation,father,1,2,0,no,yes,no,yes,yes,yes,no,no,5,4,2,2,3,5,0,17,18,17,False,2,3,Negative,-1,0.73
GP,F,17,U,LE3,T,3,3,other,other,reputation,mother,1,2,0,no,yes,no,yes,yes,yes,yes,yes,5,3,3,2,3,1,32,14,13,14,False,10,0,Positive,1,0.82
GP,F,16,U,GT3,T,3,2,other,other,reputation,mother,1,2,0,no,yes,no,no,yes,yes,yes,no,1,2,2,1,2,1,8,14,15,16,False,13,2,Positive,1,0.21
GP,M,17,U,GT3,T,3,3,services,services,other,mother,1,2,0,no,yes,no,yes,yes,yes,yes,yes,4,3,4,2,3,4,6,11,13,14,False,14,5,Negative,-1,0.51
GP,M,16,U,GT3,T,1,2,services,services,other,mother,1,1,0,no,yes,no,yes,yes,yes,yes,yes,3,3,3,1,2,3,0,10,9,11,False,9,5,Positive,1,0.84
GP,M,16,U,LE3,T,2,1,other,other,course,mother,1,2,0,no,no,no,yes,yes,yes,yes,yes,4,2,3,1,2,5,0,13,14,16,False,5,0,Neutral,0,0.73
GP,F,17,U,GT3,A,3,3,health,other,reputation,mother,1,2,0,no,yes,no,no,no,yes,yes,yes,3,3,3,1,3,3,10,12,13,14,False,6,5,Positive,1,0.54
GP,M,17,R,GT3,T,1,2,at_home,other,home,mother,1,2,0,no,no,no,no,yes,yes,no,no,3,1,3,1,5,3,6,9,9,10,False,12,1,Positive,1,0.59
GP,F,16,U,GT3,T,2,3,services,services,course,mother,1,2,0,no,no,no,no,yes,yes,yes,no,4,3,3,1,1,2,6,12,12,13,False,12,0,Negative,-1,0.51
GP,F,17,U,GT3,T,1,1,at_home,services,course,mother,1,2,0,no,no,no,yes,yes,yes,yes,no,5,3,3,1,1,3,0,12,11,12,False,12,1,Positive,1,0.3
GP,M,17,U,GT3,T,1,2,at_home,services,other,other,2,2,0,no,no,no,yes,no,yes,yes,no,4,4,4,4,5,5,16,10,11,12,False,12,7,Negative,-1,0.57
GP,M,16,R,GT3,T,3,3,services,services,reputation,mother,1,1,0,no,yes,no,yes,yes,yes,yes,no,4,3,2,3,4,5,0,11,10,10,False,4,1,Positive,1,0.69
GP,M,16,U,GT3,T,2,3,other,other,home,father,2,1,0,no,no,no,no,yes,yes,yes,no,5,3,3,1,1,3,0,13,12,12,False,14,0,Positive,1,0.87
GP,F,17,U,LE3,T,2,4,services,services,course,father,1,2,0,no,no,no,yes,yes,yes,yes,yes,4,3,2,1,1,5,8,14,15,16,False,14,2,Positive,1,0.64
GP,M,17,U,GT3,T,4,4,services,teacher,home,mother,1,1,0,no,no,no,no,yes,yes,yes,no,5,2,3,1,2,5,4,13,13,14,False,11,0,Neutral,0,0.76
GP,M,16,R,LE3,T,3,3,teacher,other,home,father,3,1,0,no,yes,no,yes,yes,yes,yes,no,3,3,4,3,5,3,16,10,11,12,False,10,0,Positive,1,0.16
GP,F,17,U,GT3,T,4,4,services,teacher,home,mother,2,1,1,no,yes,no,no,yes,yes,yes,no,4,2,4,2,3,2,30,14,15,16,False,7,0,Negative,-1,0.46
GP,F,16,U,LE3,T,4,4,teacher,teacher,reputation,mother,1,2,0,no,yes,no,no,yes,yes,yes,no,4,5,2,1,2,3,0,11,10,11,False,12,0,Neutral,0,0.01
GP,F,16,U,GT3,T,4,3,health,other,home,mother,1,2,0,no,yes,no,yes,yes,yes,yes,no,4,3,5,1,5,2,2,14,14,15,False,9,0,Negative,-1,0.25
GP,F,16,U,GT3,T,2,3,other,other,reputation,mother,1,2,0,yes,yes,no,yes,yes,yes,no,no,4,4,3,1,3,4,4,11,12,12,False,7,0,Positive,1,0.73
GP,F,17,U,GT3,T,1,1,other,other,course,mother,1,2,0,no,yes,no,no,no,yes,no,no,4,4,4,1,3,1,0,14,15,15,False,14,2,Negative,-1,0.99
GP,F,17,R,GT3,T,2,2,other,other,reputation,mother,1,1,0,no,yes,no,no,yes,yes,yes,no,5,3,2,1,2,3,21,13,13,13,False,1,0,Neutral,0,0.1
GP,F,16,R,GT3,T,2,2,services,services,reputation,mother,2,4,0,no,yes,no,yes,no,yes,yes,no,5,3,5,1,1,5,6,13,13,13,False,1,0,Neutral,0,0.4
GP,F,17,U,GT3,T,3,4,at_home,services,home,mother,1,3,1,no,yes,yes,no,yes,yes,yes,yes,4,4,3,3,4,5,14,8,9,8,True,9,5,Negative,-1,0.8
GP,F,16,U,GT3,A,3,1,services,other,course,mother,1,2,0,no,yes,no,no,yes,yes,yes,no,2,3,3,2,2,4,2,11,11,12,False,11,1,Neutral,0,0.2
GP,F,16,U,GT3,T,4,3,teacher,other,other,mother,1,2,0,no,no,no,yes,yes,yes,yes,yes,1,3,2,1,1,1,4,14,15,15,False,14,2,Neutral,0,0.56
GP,F,16,U,GT3,T,1,1,at_home,other,home,mother,2,1,0,no,yes,no,no,yes,yes,no,no,4,3,2,1,4,5,2,12,13,13,False,9,0,Positive,1,0.73
GP,F,17,R,GT3,T,4,3,teacher,other,reputation,mother,2,3,0,no,yes,no,yes,yes,yes,yes,yes,4,4,2,1,1,4,0,11,12,12,False,4,0,Positive,1,0.62
GP,F,19,U,GT3,T,3,3,other,other,reputation,other,1,4,0,no,yes,no,yes,yes,yes,yes,no,4,3,3,1,2,3,4,12,12,12,False,13,0,Negative,-1,0.19
GP,M,17,U,LE3,T,4,4,services,other,home,mother,1,2,0,no,yes,no,no,yes,yes,yes,yes,5,3,5,4,5,3,15,13,12,12,False,9,0,Neutral,0,0.36
GP,F,16,U,GT3,A,2,2,other,other,reputation,mother,1,2,0,yes,yes,no,no,yes,yes,yes,no,3,3,4,1,1,4,0,13,13,13,False,3,0,Neutral,0,0.78
GP,M,18,U,GT3,T,2,2,services,other,home,mother,1,2,0,no,yes,no,yes,yes,yes,yes,no,4,4,4,2,4,5,10,12,11,11,False,7,0,Neutral,0,0.55
GP,F,17,R,LE3,T,4,4,services,other,other,mother,1,1,0,no,yes,no,no,yes,yes,no,no,5,2,1,1,2,3,6,12,11,11,False,6,0,Positive,1,0.01
GP,F,17,U,LE3,T,3,2,other,other,reputation,mother,2,2,0,no,no,no,no,yes,yes,yes,no,4,4,4,1,3,1,2,14,16,15,False,8,0,Positive,1,0.76
GP,F,17,U,GT3,T,4,3,other,other,reputation,mother,1,2,0,no,no,no,no,yes,yes,yes,yes,3,4,5,2,4,1,16,11,9,10,False,11,1,Neutral,0,0.04
GP,M,18,U,LE3,T,3,3,services,health,home,father,1,2,0,no,yes,no,no,yes,yes,yes,no,3,2,4,2,4,4,10,10,10,10,False,9,0,Positive,1,0.75
GP,F,17,U,GT3,T,2,3,at_home,other,home,father,2,1,0,no,yes,no,no,yes,yes,no,no,3,3,3,1,4,3,4,12,13,13,False,14,0,Positive,1,0.2
GP,F,17,U,GT3,T,2,2,at_home,at_home,course,mother,1,3,0,no,yes,no,yes,yes,yes,yes,no,4,3,3,1,1,4,0,12,12,13,False,5,1,Neutral,0,0.96
GP,F,17,R,GT3,T,2,1,at_home,services,reputation,mother,2,2,0,no,yes,no,yes,yes,yes,yes,no,4,2,5,1,2,5,0,11,10,11,False,1,2,Positive,1,0.37
GP,F,17,U,GT3,T,1,1,at_home,other,reputation,mother,1,3,0,no,yes,no,yes,yes,yes,no,yes,4,3,4,1,1,5,12,12,12,12,False,3,0,Neutral,0,0.33
GP,F,16,U,GT3,T,2,3,services,teacher,other,mother,1,2,0,yes,no,no,no,yes,yes,yes,no,2,3,1,1,1,3,0,13,13,14,False,10,3,Positive,1,0.15
GP,M,18,U,GT3,T,2,2,other,other,home,mother,2,2,3,no,yes,yes,no,yes,yes,yes,no,3,3,3,5,5,4,9,10,9,10,False,12,2,Neutral,0,0.31
GP,F,16,U,GT3,T,4,4,teacher,services,home,mother,1,3,0,no,yes,no,yes,no,yes,yes,no,5,3,2,1,1,5,4,15,16,16,False,8,0,Positive,1,0.88
GP,F,18,R,GT3,T,3,1,other,other,reputation,mother,1,2,0,no,no,no,yes,yes,yes,yes,yes,5,3,3,1,1,4,4,8,8,8,True,11,5,Neutral,0,1.0
GP,F,17,U,GT3,T,3,2,other,other,course,mother,1,2,0,no,no,no,yes,no,yes,yes,no,5,3,4,1,3,3,2,17,18,17,False,6,5,Positive,1,0.37
GP,M,17,U,LE3,T,2,3,services,services,reputation,father,1,2,0,no,yes,no,no,no,yes,yes,no,5,3,3,1,3,3,0,10,11,11,False,8,0,Positive,1,0.45
GP,M,18,U,LE3,T,2,1,at_home,other,course,mother,4,2,0,yes,yes,no,yes,yes,yes,yes,yes,4,3,2,4,5,3,2,9,10,11,False,9,0,Positive,1,0.72
GP,F,17,U,GT3,A,2,1,other,other,course,mother,2,3,0,no,no,no,yes,yes,yes,yes,yes,3,2,3,1,2,3,0,15,15,16,False,4,3,Neutral,0,0.89
GP,F,17,U,LE3,T,4,3,health,other,reputation,father,1,2,0,no,no,no,yes,yes,yes,yes,yes,3,2,3,1,2,3,0,14,12,12,False,1,2,Neutral,0,0.59
GP,M,17,R,GT3,T,2,2,other,other,course,father,2,2,0,no,yes,no,yes,yes,yes,yes,no,4,5,2,1,1,1,0,12,13,13,False,14,0,Positive,1,0.39
GP,M,17,U,GT3,T,4,4,teacher,teacher,reputation,mother,1,2,0,yes,yes,no,yes,yes,yes,yes,yes,4,5,5,1,3,2,0,13,13,13,False,1,0,Neutral,0,0.41
GP,M,16,U,GT3,T,4,4,health,other,reputation,father,1,2,0,no,yes,no,yes,yes,yes,yes,no,4,2,4,2,4,1,0,13,13,14,False,10,0,Negative,-1,0.7
GP,M,16,U,LE3,T,1,1,other,other,home,mother,2,2,0,no,yes,no,no,yes,yes,yes,no,3,4,2,1,1,5,2,9,9,9,True,4,1,Neutral,0,0.0
GP,M,16,U,GT3,T,3,2,at_home,other,reputation,mother,2,3,0,no,no,no,yes,yes,yes,yes,yes,5,3,3,1,3,2,0,12,12,12,False,12,2,Positive,1,0.62
GP,M,17,U,LE3,T,2,2,other,other,home,father,1,2,0,no,no,no,yes,no,yes,yes,yes,4,4,2,5,5,4,0,16,16,16,False,14,0,Neutral,0,0.36
GP,F,16,U,GT3,T,2,1,other,other,home,mother,1,1,0,no,no,no,no,yes,yes,yes,yes,4,5,2,1,1,5,4,9,10,10,False,7,1,Positive,1,0.79
GP,F,16,U,GT3,A,4,1,other,other,home,mother,1,2,0,no,no,no,yes,yes,yes,yes,yes,5,3,3,1,2,5,0,14,13,13,False,2,2,Positive,1,0.09
GP,F,18,U,LE3,A,2,4,services,other,course,mother,2,2,1,no,yes,no,no,yes,yes,yes,no,4,3,3,1,1,3,18,10,10,10,False,3,0,Negative,-1,0.59
GP,F,18,U,LE3,T,2,2,at_home,services,course,mother,1,2,1,no,yes,no,no,no,yes,yes,yes,5,3,1,1,1,5,16,9,8,10,False,1,0,Positive,1,0.48
GP,F,18,U,GT3,T,3,3,other,other,course,mother,2,1,1,no,no,no,no,yes,no,yes,no,4,1,1,1,1,3,14,8,7,7,True,5,2,Neutral,0,0.64
GP,M,18,U,GT3,T,2,2,other,at_home,course,other,1,1,1,no,yes,no,yes,no,no,yes,yes,4,4,3,2,2,1,26,7,8,8,True,1,5,Neutral,0,0.06
GP,M,17,U,GT3,T,4,4,teacher,teacher,course,mother,1,1,0,no,yes,no,yes,no,yes,yes,no,4,2,1,1,2,5,6,10,8,9,True,8,1,Neutral,0,0.58
GP,F,17,U,GT3,T,3,2,other,other,course,father,1,2,0,no,no,no,yes,yes,yes,no,no,5,4,2,1,1,3,4,14,14,15,False,1,1,Neutral,0,0.56
GP,F,17,U,LE3,T,1,1,at_home,at_home,course,mother,1,3,0,no,yes,no,yes,yes,yes,yes,yes,4,3,2,1,2,4,10,11,10,10,False,11,0,Positive,1,0.56
GP,F,16,U,GT3,T,1,2,other,other,course,mother,1,1,0,no,no,no,no,yes,no,yes,no,5,3,5,1,2,5,4,12,11,11,False,1,1,Positive,1,0.6
GP,F,17,R,GT3,T,2,1,at_home,services,course,mother,3,2,0,no,no,no,yes,yes,yes,no,no,2,1,1,1,1,3,2,13,13,13,False,2,1,Neutral,0,0.68
GP,F,17,R,LE3,A,1,4,other,other,course,other,4,1,1,no,yes,no,no,yes,yes,yes,no,5,5,4,1,1,5,14,9,9,8,True,2,0,Positive,1,0.8
GP,M,18,U,GT3,T,2,2,other,services,reputation,father,1,2,0,no,no,no,no,yes,no,yes,no,5,5,4,3,5,2,16,8,7,8,True,12,0,Positive,1,0.27
GP,F,17,U,LE3,A,2,2,other,other,home,mother,1,1,1,no,yes,no,no,no,no,yes,no,3,1,2,1,1,1,8,11,9,10,False,6,0,Positive,1,0.83
GP,F,17,R,LE3,T,1,1,at_home,other,course,mother,2,3,0,no,no,no,yes,yes,yes,yes,no,4,3,3,1,3,5,4,15,14,15,False,7,0,Positive,1,0.5
GP,F,17,U,LE3,A,4,2,teacher,other,course,mother,1,2,0,no,yes,no,yes,yes,yes,no,no,4,3,2,1,1,4,4,15,14,14,False,5,0,Positive,1,0.08
GP,M,17,U,LE3,T,4,3,health,other,course,mother,2,2,0,no,no,no,yes,yes,yes,yes,yes,2,5,5,1,4,5,8,15,15,15,False,1,0,Positive,1,0.06
GP,M,17,R,LE3,A,4,4,teacher,other,course,mother,2,2,0,no,yes,no,no,yes,yes,yes,no,3,3,3,2,3,4,0,12,12,12,False,1,0,Neutral,0,0.33
GP,M,16,U,LE3,T,4,3,teacher,other,course,mother,1,1,0,no,no,no,yes,no,yes,yes,no,5,4,5,1,1,3,7,14,14,15,False,3,0,Neutral,0,0.78
GP,M,16,U,GT3,T,4,4,services,services,course,mother,1,1,0,no,no,yes,yes,yes,yes,yes,no,5,3,2,1,2,5,4,14,15,15,False,14,5,Negative,-1,0.71
GP,F,17,U,GT3,T,4,4,teacher,services,course,mother,1,2,0,no,yes,yes,no,yes,yes,yes,yes,5,3,1,1,4,5,2,11,11,12,False,2,1,Positive,1,0.79
GP,M,17,R,GT3,T,1,1,other,other,home,father,2,3,0,no,no,no,no,no,yes,yes,yes,4,3,3,1,1,1,2,13,14,15,False,5,2,Positive,1,0.52
GP,F,17,U,GT3,T,3,3,services,other,home,mother,2,3,0,no,yes,no,no,yes,yes,yes,yes,4,2,2,2,3,5,10,11,11,11,False,12,3,Positive,1,0.44
GP,F,17,U,GT3,T,1,1,at_home,other,course,mother,1,2,0,yes,no,no,no,no,yes,no,yes,4,3,2,1,1,4,10,10,9,10,False,10,1,Neutral,0,0.15
GP,F,18,U,GT3,T,2,1,other,other,course,other,2,3,0,no,yes,no,no,no,yes,yes,yes,4,4,4,1,1,3,10,12,10,11,False,6,0,Neutral,0,0.33
GP,M,16,U,GT3,T,2,1,other,other,course,mother,3,1,0,no,no,no,no,yes,yes,yes,no,4,3,3,1,1,4,7,15,16,16,False,7,1,Positive,1,0.43
GP,F,17,U,GT3,T,1,1,other,services,course,father,1,2,0,no,yes,no,no,yes,yes,no,no,4,3,4,1,2,5,4,11,10,11,False,4,1,Negative,-1,0.09
GP,M,17,U,GT3,T,2,3,other,other,course,father,2,1,0,no,no,no,no,yes,yes,yes,no,5,2,2,1,1,2,2,9,12,13,False,7,2,Positive,1,0.22
GP,M,22,U,GT3,T,3,1,services,services,other,mother,1,1,3,no,no,no,no,no,no,yes,yes,5,4,5,5,5,1,12,7,8,5,True,11,1,Neutral,0,0.6
GP,M,18,R,LE3,T,3,3,other,services,course,mother,1,2,0,no,yes,no,no,yes,yes,yes,yes,4,3,3,1,3,5,8,10,9,10,False,8,0,Neutral,0,0.74
GP,M,16,U,GT3,T,0,2,other,other,other,mother,1,1,0,no,no,no,no,no,yes,yes,no,4,3,2,2,4,5,0,11,12,11,False,11,0,Negative,-1,1.0
GP,M,18,U,GT3,T,3,2,services,other,course,mother,2,1,0,no,no,no,no,yes,no,yes,no,4,4,5,2,4,5,8,7,8,7,True,1,0,Neutral,0,0.93
GP,M,16,U,GT3,T,3,3,at_home,other,reputation,other,3,2,1,yes,yes,no,no,no,yes,yes,no,5,3,3,1,3,2,4,9,11,10,False,6,2,Negative,-1,0.64
GP,M,18,U,GT3,T,2,1,services,services,other,mother,1,1,2,no,no,no,no,no,no,yes,no,3,2,5,2,5,5,4,7,8,6,True,8,1,Positive,1,0.42
GP,M,16,R,GT3,T,2,1,other,other,course,mother,2,1,0,no,no,no,yes,no,yes,no,no,3,3,2,1,3,3,2,14,13,12,False,5,0,Negative,-1,0.64
GP,M,17,R,GT3,T,2,1,other,other,course,mother,1,1,0,no,no,no,no,no,yes,yes,no,4,4,2,2,4,5,0,12,12,13,False,4,7,Positive,1,0.79
GP,M,17,U,LE3,T,1,1,health,other,course,mother,2,1,1,no,yes,no,yes,yes,yes,yes,no,4,4,4,1,2,5,0,9,10,10,False,2,2,Negative,-1,0.12
GP,F,18,U,LE3,A,2,1,other,other,course,mother,1,2,0,no,yes,no,no,no,yes,yes,yes,4,3,4,1,3,5,2,12,12,13,False,6,0,Neutral,0,0.41
GP,F,17,U,LE3,T,4,2,teacher,services,reputation,mother,1,4,0,no,yes,no,yes,yes,yes,yes,no,4,2,3,1,1,4,2,14,15,17,False,6,0,Negative,-1,0.84
GP,F,19,U,GT3,T,2,2,services,services,home,mother,1,2,0,no,yes,no,no,yes,yes,yes,no,4,3,3,1,1,5,0,10,10,11,False,11,0,Neutral,0,0.38
GP,M,18,U,LE3,T,2,1,services,other,course,mother,3,2,1,no,no,no,yes,no,no,yes,no,4,4,5,4,4,5,4,11,10,11,False,1,0,Neutral,0,0.57
GP,F,17,R,GT3,T,4,2,other,other,course,mother,1,3,0,no,yes,no,yes,yes,yes,yes,no,4,3,4,1,3,5,2,11,12,14,False,9,0,Neutral,0,0.59
GP,F,18,U,LE3,T,1,1,other,at_home,home,mother,1,3,0,no,yes,no,no,no,yes,no,no,4,4,3,2,3,3,4,11,12,14,False,12,0,Neutral,0,0.18
GP,F,18,R,GT3,T,2,2,other,other,home,mother,1,2,0,yes,no,no,no,yes,yes,no,no,3,2,3,1,1,5,4,11,11,13,False,11,0,Positive,1,0.36
GP,M,19,U,LE3,A,4,3,services,at_home,reputation,mother,1,2,0,no,yes,no,no,yes,yes,yes,no,4,3,1,1,1,1,4,11,13,14,False,6,0,Positive,1,0.33
GP,M,18,U,GT3,T,2,1,other,other,home,mother,1,2,0,no,no,no,yes,yes,yes,yes,no,5,2,4,1,2,4,2,16,16,16,False,13,5,Positive,1,0.03
GP,M,17,R,GT3,T,2,2,other,services,other,mother,2,1,0,no,no,no,no,no,no,no,no,5,2,2,1,1,4,0,9,10,10,False,3,0,Positive,1,0.02
GP,F,17,U,LE3,T,2,2,services,services,course,father,1,4,0,no,no,no,yes,yes,yes,yes,yes,3,4,1,1,1,2,2,10,11,12,False,4,1,Negative,-1,0.83
GP,F,20,R,GT3,T,2,1,other,other,course,other,2,2,0,no,yes,yes,yes,yes,no,yes,yes,1,2,3,1,2,2,8,10,12,12,False,12,1,Positive,1,0.27
GP,F,18,U,GT3,T,4,3,services,other,home,father,1,2,0,no,yes,no,no,yes,yes,yes,yes,3,1,2,1,3,2,2,15,15,15,False,11,7,Negative,-1,0.52
GP,M,18,U,GT3,T,4,3,teacher,other,course,mother,1,2,0,no,yes,no,no,no,yes,yes,no,4,3,2,1,1,3,2,10,10,11,False,4,0,Positive,1,0.3
GP,M,18,R,GT3,T,3,2,other,other,course,mother,1,3,0,no,no,no,yes,no,yes,no,no,5,3,2,1,1,3,2,10,11,12,False,3,0,Positive,1,0.94
GP,F,17,U,GT3,T,3,3,other,other,home,mother,1,3,0,no,no,no,yes,no,yes,no,no,3,2,3,1,1,4,2,15,12,13,False,10,7,Neutral,0,0.26
GP,F,18,U,GT3,T,2,2,at_home,services,home,mother,1,3,0,no,yes,no,yes,yes,yes,yes,yes,4,3,3,1,1,3,0,11,12,13,False,3,5,Neutral,0,0.43
GP,M,17,U,GT3,T,2,2,other,other,home,father,2,1,0,no,no,no,no,yes,no,yes,no,4,4,4,2,3,4,8,8,8,9,True,3,3,Neutral,0,0.87
GP,M,18,R,LE3,A,3,4,other,other,reputation,mother,2,2,0,no,yes,no,yes,yes,yes,yes,no,4,2,5,3,4,1,6,15,16,16,False,4,0,Neutral,0,0.84
GP,M,17,U,GT3,T,3,1,services,other,other,mother,1,2,0,no,no,no,yes,yes,yes,yes,yes,5,4,4,3,4,5,0,11,11,14,False,7,0,Neutral,0,0.19
GP,F,18,R,GT3,T,4,4,teacher,other,reputation,mother,2,2,0,no,no,no,yes,yes,yes,yes,no,4,3,4,2,2,4,8,10,11,12,False,4,2,Positive,1,0.8
GP,M,18,U,GT3,T,4,2,health,other,reputation,father,1,2,0,no,yes,no,yes,yes,yes,yes,yes,5,4,5,1,3,5,4,10,12,14,False,9,5,Negative,-1,0.46
GP,F,18,R,GT3,T,2,1,other,other,reputation,mother,2,2,0,no,yes,no,no,yes,no,yes,yes,4,3,5,1,2,3,12,8,9,10,False,1,1,Negative,-1,0.48
GP,F,19,U,GT3,T,3,3,other,services,home,other,1,2,0,no,yes,no,yes,yes,yes,yes,no,4,3,5,3,3,5,16,11,12,12,False,8,1,Neutral,0,0.13
GP,F,18,U,GT3,T,2,3,other,services,reputation,father,1,4,0,no,yes,no,yes,yes,yes,yes,yes,4,5,5,1,3,2,10,16,16,16,False,7,0,Positive,1,0.08
GP,F,18,U,LE3,T,1,1,other,other,home,mother,2,2,0,no,yes,no,no,no,yes,no,no,4,4,3,1,1,3,2,13,13,13,False,2,3,Neutral,0,0.73
GP,M,17,R,GT3,T,1,2,at_home,at_home,home,mother,1,2,0,no,yes,no,yes,no,yes,no,yes,3,5,2,2,2,1,2,16,17,18,False,8,0,Positive,1,0.5
GP,F,18,U,GT3,T,2,1,other,other,home,mother,1,2,0,no,yes,no,no,yes,yes,yes,yes,4,2,5,1,2,1,8,14,14,15,False,1,0,Positive,1,0.44
GP,F,17,U,GT3,T,2,4,at_home,health,reputation,mother,2,2,0,no,yes,no,no,yes,yes,yes,yes,4,3,3,1,1,1,6,15,16,16,False,11,1,Positive,1,0.73
GP,F,17,U,LE3,T,2,2,services,other,course,mother,2,2,0,yes,yes,no,no,yes,yes,yes,yes,4,4,4,2,3,5,6,12,12,12,False,12,1,Neutral,0,0.77
GP,F,18,R,GT3,A,3,2,other,services,home,mother,2,2,0,no,no,no,no,no,no,yes,yes,4,1,1,1,1,5,15,12,9,10,False,9,0,Negative,-1,0.16
GP,M,18,U,GT3,T,4,4,teacher,services,home,mother,2,1,0,no,no,no,yes,yes,yes,yes,no,3,2,4,1,4,3,6,11,12,12,False,9,0,Neutral,0,0.61
GP,F,18,U,GT3,T,4,4,health,health,reputation,father,1,2,1,yes,yes,no,yes,yes,yes,yes,yes,2,4,4,1,1,4,2,14,12,13,False,2,2,Neutral,0,0.14
GP,F,17,U,GT3,T,2,2,other,services,reputation,father,3,3,0,no,yes,no,no,yes,yes,yes,yes,4,2,3,1,1,1,8,13,15,15,False,7,0,Positive,1,0.75
GP,F,19,R,GT3,T,3,2,services,services,reputation,father,1,2,1,yes,yes,no,no,yes,no,yes,no,3,3,3,4,3,3,0,9,8,10,False,14,1,Positive,1,0.66
GP,M,18,U,LE3,T,4,3,teacher,services,course,mother,2,1,0,no,no,no,yes,yes,yes,yes,no,4,2,3,1,2,1,0,10,10,10,False,10,0,Positive,1,0.96
GP,M,18,U,GT3,T,1,2,at_home,other,home,other,2,1,0,no,no,no,no,no,no,yes,no,3,4,4,2,4,4,10,10,10,11,False,3,1,Negative,-1,0.07
GP,M,17,U,LE3,A,4,1,services,other,home,mother,2,1,0,no,no,no,yes,yes,yes,yes,yes,4,5,4,2,4,5,22,11,11,10,False,7,1,Positive,1,0.06
GP,M,17,U,LE3,A,3,2,teacher,services,home,mother,1,1,0,no,no,no,no,yes,yes,yes,no,4,4,4,3,4,3,18,13,13,13,False,12,0,Negative,-1,0.28
GP,F,18,R,LE3,T,1,1,at_home,other,reputation,mother,2,4,0,no,yes,no,yes,yes,yes,no,no,5,2,2,1,1,3,2,17,17,18,False,10,0,Neutral,0,0.26
GP,F,18,U,GT3,T,1,1,other,other,home,mother,2,2,0,yes,no,no,yes,yes,yes,yes,no,5,4,4,1,1,4,0,12,13,13,False,9,0,Positive,1,0.25
GP,F,17,U,GT3,T,2,2,other,other,course,mother,1,2,0,no,yes,no,no,no,yes,yes,no,5,4,5,1,2,5,12,12,12,14,False,4,0,Neutral,0,0.91
GP,F,18,U,GT3,T,2,1,other,other,reputation,mother,2,2,0,no,no,no,yes,yes,yes,yes,yes,4,3,1,1,1,5,10,12,13,14,False,12,7,Neutral,0,0.25
GP,M,17,U,GT3,T,1,1,other,other,reputation,father,1,2,0,no,no,no,no,no,yes,yes,no,4,3,3,1,2,4,0,12,12,12,False,1,0,Negative,-1,0.27
GP,F,18,U,GT3,T,2,2,at_home,at_home,other,mother,1,3,0,no,yes,no,no,yes,yes,yes,no,4,3,3,1,2,2,0,18,18,18,False,2,3,Negative,-1,0.76
GP,F,17,U,GT3,T,1,1,services,teacher,reputation,mother,1,3,0,no,yes,no,no,yes,yes,yes,no,4,3,3,1,1,3,0,13,13,14,False,1,0,Positive,1,0.45
GP,M,18,U,GT3,T,2,1,services,services,reputation,mother,1,3,0,no,no,no,yes,yes,yes,yes,no,4,2,4,1,3,2,0,14,15,15,False,14,2,Positive,1,0.78
GP,M,18,U,LE3,A,4,4,teacher,teacher,reputation,mother,1,2,0,no,yes,no,yes,yes,yes,yes,no,5,4,3,1,1,2,0,17,17,17,False,12,3,Neutral,0,0.07
GP,M,18,U,GT3,T,4,2,teacher,other,home,mother,1,2,0,no,yes,no,yes,yes,yes,yes,yes,4,3,2,1,4,5,2,15,16,16,False,5,1,Negative,-1,0.49
GP,F,17,U,GT3,T,4,3,health,services,reputation,mother,1,3,0,no,yes,no,no,yes,yes,yes,no,4,2,2,1,2,3,0,17,18,18,False,5,1,Positive,1,0.03
GP,F,17,R,LE3,T,3,1,services,other,reputation,mother,2,4,0,no,yes,no,no,yes,yes,no,no,3,1,2,1,1,3,0,18,19,19,False,11,1,Neutral,0,0.06
GP,M,18,R,LE3,T,3,2,services,other,reputation,mother,2,3,0,no,yes,no,yes,yes,yes,yes,no,5,4,2,1,1,4,0,14,15,15,False,7,0,Neutral,0,0.91
GP,M,17,U,GT3,T,3,3,health,other,home,mother,1,1,0,no,yes,no,no,yes,yes,yes,no,4,4,3,1,3,5,0,14,15,15,False,9,5,Neutral,0,0.14
GP,F,19,U,GT3,T,4,4,health,other,reputation,other,2,2,0,no,yes,no,yes,yes,yes,yes,no,2,3,4,2,3,2,2,14,13,13,False,9,3,Positive,1,0.53
GP,F,18,U,LE3,T,4,3,other,other,home,other,2,2,0,no,yes,no,no,yes,yes,yes,yes,4,4,5,1,2,2,0,13,14,14,False,3,7,Neutral,0,0.41
GP,F,18,U,GT3,T,4,3,other,other,reputation,father,1,4,0,no,yes,no,no,yes,yes,yes,no,4,3,3,1,1,3,0,16,17,17,False,3,0,Negative,-1,0.35
GP,M,18,U,LE3,T,4,4,teacher,teacher,home,mother,1,1,0,no,yes,no,no,yes,yes,yes,yes,1,4,2,2,2,1,0,18,18,17,False,3,2,Positive,1,0.9
GP,F,18,U,LE3,A,4,4,health,other,home,mother,1,2,0,no,yes,yes,no,yes,yes,yes,yes,4,2,4,1,1,4,0,14,15,15,False,4,5,Positive,1,0.02
GP,M,17,U,LE3,T,4,4,other,teacher,home,father,2,1,0,no,no,no,no,yes,yes,yes,no,4,1,1,2,2,5,0,12,13,13,False,8,0,Negative,-1,0.66
GP,F,17,R,GT3,T,4,4,services,services,reputation,mother,2,3,0,no,yes,no,yes,yes,yes,yes,no,5,3,4,1,1,5,0,7,7,8,True,6,0,Positive,1,0.96
GP,F,17,U,GT3,T,4,2,other,other,reputation,mother,2,3,0,no,yes,no,no,yes,yes,yes,no,4,3,3,1,1,3,0,16,16,16,False,8,2,Negative,-1,0.56
GP,F,17,U,GT3,T,3,2,health,health,reputation,father,1,4,0,no,yes,no,yes,no,yes,yes,no,5,2,2,1,2,5,0,18,18,18,False,1,1,Neutral,0,0.94
GP,M,19,R,LE3,T,2,1,at_home,services,course,mother,2,3,1,no,no,no,yes,yes,yes,yes,yes,4,3,1,1,1,5,0,9,10,11,False,8,3,Positive,1,0.05
GP,M,20,U,GT3,A,3,2,services,other,course,other,1,1,2,no,no,no,yes,yes,yes,no,no,5,5,3,1,1,5,0,14,15,15,False,4,0,Negative,-1,0.42
GP,M,19,R,GT3,T,3,3,other,services,reputation,father,1,2,0,no,no,no,yes,yes,yes,no,yes,4,5,3,1,2,5,0,10,10,11,False,11,3,Positive,1,0.26
GP,F,18,U,GT3,T,1,4,other,teacher,home,mother,1,2,0,yes,yes,no,no,no,yes,no,yes,3,4,4,1,2,5,2,10,10,11,False,1,0,Neutral,0,0.73
GP,F,18,U,GT3,T,2,1,services,other,course,mother,2,2,0,no,yes,no,yes,yes,yes,yes,no,5,3,3,1,2,1,2,12,12,15,False,8,0,Positive,1,0.98
GP,F,17,U,GT3,T,2,3,other,other,course,father,2,2,0,no,no,no,yes,yes,yes,yes,yes,4,2,1,1,1,3,2,11,12,14,False,4,0,Neutral,0,0.26
GP,F,17,R,GT3,T,4,4,teacher,teacher,course,mother,1,1,0,no,no,no,yes,yes,yes,yes,no,4,4,4,1,1,5,2,15,16,17,False,6,3,Positive,1,0.65
GP,F,18,U,GT3,T,4,3,other,other,course,mother,1,3,0,no,yes,no,yes,yes,yes,yes,yes,4,3,4,1,1,5,2,14,15,17,False,8,2,Positive,1,0.2
GP,F,18,U,LE3,T,4,3,health,services,course,mother,2,1,0,no,yes,no,no,yes,yes,yes,no,3,2,4,1,4,1,8,12,12,15,False,4,1,Negative,-1,0.57
GP,F,17,R,GT3,T,3,4,at_home,services,course,father,1,3,0,no,yes,no,yes,no,yes,yes,no,4,3,4,2,5,5,2,15,15,17,False,14,0,Positive,1,0.46
GP,F,18,U,GT3,T,3,3,at_home,other,course,father,1,2,0,no,yes,no,no,yes,yes,yes,no,4,1,4,1,1,3,8,11,12,14,False,3,5,Neutral,0,0.97
GP,M,19,U,GT3,T,4,2,health,other,course,mother,2,2,0,no,yes,no,yes,yes,yes,yes,yes,5,4,4,1,1,1,9,11,10,10,False,14,0,Positive,1,0.61
GP,F,18,U,GT3,T,4,4,teacher,other,course,mother,1,2,0,no,yes,no,no,yes,yes,yes,no,4,4,4,3,3,5,0,12,11,13,False,9,3,Neutral,0,0.35
GP,F,18,U,GT3,T,3,4,other,other,course,mother,1,1,0,no,yes,no,yes,yes,yes,yes,yes,5,4,4,1,1,1,4,11,12,14,False,3,1,Positive,1,0.11
GP,F,17,U,GT3,T,4,4,health,health,course,mother,1,1,0,no,no,no,yes,yes,yes,yes,no,5,3,4,1,2,5,2,14,15,17,False,9,0,Negative,-1,0.15
GP,F,17,U,GT3,A,4,3,services,services,course,mother,1,2,0,no,yes,no,no,yes,yes,yes,yes,5,2,2,1,2,5,14,15,14,17,False,13,1,Neutral,0,0.23
GP,F,17,U,LE3,A,3,3,services,other,home,mother,1,2,0,yes,yes,no,no,yes,yes,yes,no,5,3,3,1,1,5,0,12,12,13,False,2,0,Positive,1,0.25
GP,F,17,U,LE3,T,2,1,other,other,home,father,1,2,0,no,no,no,yes,yes,yes,yes,no,4,2,3,2,2,2,2,11,12,14,False,14,2,Positive,1,0.85
GP,M,18,U,LE3,T,4,4,other,other,reputation,father,1,1,0,no,yes,no,no,yes,yes,yes,no,4,2,5,3,4,5,2,8,9,11,False,2,1,Positive,1,0.56
GP,F,19,U,GT3,T,1,1,other,other,course,other,3,3,0,no,no,no,yes,yes,no,no,yes,1,5,5,4,3,5,12,10,10,11,False,2,0,Neutral,0,0.52
GP,F,19,U,LE3,A,1,1,other,other,course,other,3,2,2,no,yes,no,no,no,yes,yes,yes,5,3,4,1,1,4,2,8,8,9,True,6,5,Positive,1,0.11
GP,F,18,U,GT3,T,2,2,other,other,course,mother,1,1,0,no,yes,no,yes,yes,yes,yes,yes,4,3,5,2,4,5,2,10,10,10,False,3,0,Negative,-1,0.86
GP,F,17,U,GT3,T,2,2,other,other,course,mother,1,2,0,no,yes,no,no,yes,yes,no,yes,4,2,2,1,1,3,4,14,13,13,False,13,1,Positive,1,0.72
GP,F,17,R,LE3,T,2,2,services,services,course,mother,1,3,0,no,yes,no,yes,yes,yes,yes,no,3,3,2,2,2,3,0,11,11,10,False,9,5,Positive,1,0.07
GP,F,17,U,GT3,T,3,1,services,services,course,father,1,3,0,no,yes,no,no,no,yes,yes,no,3,4,3,2,3,5,0,17,18,17,False,4,2,Neutral,0,0.71
GP,F,17,U,LE3,T,0,2,at_home,at_home,home,father,2,3,0,no,no,no,no,yes,yes,yes,no,3,3,3,2,3,2,0,14,14,15,False,1,0,Neutral,0,0.54
GP,F,18,U,GT3,T,1,1,other,other,home,mother,2,3,0,no,no,no,yes,yes,yes,yes,no,4,5,5,1,2,2,0,14,14,14,False,4,5,Positive,1,0.08
GP,M,18,U,GT3,T,4,4,other,other,course,mother,1,3,0,no,no,no,yes,yes,yes,yes,no,4,3,3,2,2,3,0,13,14,13,False,1,2,Positive,1,0.46
GP,M,17,U,GT3,T,3,3,other,services,reputation,mother,1,1,0,no,no,no,yes,no,yes,yes,no,4,3,5,3,5,5,0,17,18,17,False,14,0,Positive,1,0.48
GP,M,17,R,GT3,T,2,2,services,other,course,mother,4,1,0,no,yes,no,no,yes,yes,yes,no,4,4,5,5,5,4,2,11,10,10,False,5,0,Neutral,0,0.17
GP,F,17,U,GT3,T,4,4,teacher,services,course,mother,1,3,0,no,yes,no,yes,yes,yes,yes,no,5,4,4,1,3,4,0,13,12,13,False,4,3,Neutral,0,0.95
GP,F,17,U,GT3,T,4,4,teacher,teacher,course,mother,2,3,0,no,yes,no,no,no,yes,yes,yes,4,3,3,1,2,4,4,15,14,15,False,8,2,Neutral,0,0.85
GP,F,17,U,GT3,T,3,3,at_home,other,course,mother,1,1,0,no,yes,yes,yes,yes,yes,yes,no,4,2,5,2,5,5,2,11,12,11,False,8,1,Negative,-1,0.67
GP,M,18,U,LE3,T,2,2,other,other,course,mother,1,4,0,no,yes,yes,yes,yes,yes,yes,no,4,5,5,2,4,5,0,11,11,12,False,7,5,Negative,-1,0.46
GP,M,19,R,GT3,T,3,2,at_home,services,home,other,1,1,0,no,yes,no,no,no,yes,no,yes,5,3,4,2,2,5,0,11,10,10,False,3,3,Neutral,0,0.41
GP,F,18,U,GT3,T,2,2,at_home,other,course,mother,4,2,0,no,no,no,yes,yes,yes,no,yes,4,2,5,1,1,2,2,10,9,10,False,1,0,Negative,-1,0.65
GP,F,17,R,GT3,T,2,4,at_home,other,course,father,1,3,0,no,yes,no,no,yes,yes,yes,yes,4,4,3,1,1,5,0,15,15,15,False,1,0,Positive,1,0.55
GP,M,18,U,GT3,T,2,2,other,other,reputation,mother,1,1,0,no,no,no,no,no,yes,yes,no,5,4,2,1,2,5,6,15,14,15,False,12,0,Positive,1,0.06
GP,F,18,U,GT3,T,3,3,services,services,home,mother,1,2,0,no,no,no,yes,yes,yes,yes,no,5,3,4,1,1,4,8,10,11,12,False,11,2,Positive,1,0.51
GP,F,18,U,LE3,T,2,2,other,other,home,other,1,2,0,no,no,no,yes,no,yes,yes,yes,4,3,3,1,1,2,0,10,9,12,False,3,0,Positive,1,0.81
GP,F,18,R,GT3,T,2,2,at_home,other,course,mother,2,4,0,no,no,no,yes,yes,yes,no,no,4,4,4,1,1,4,6,14,13,14,False,6,1,Neutral,0,0.46
GP,F,17,U,GT3,T,3,4,services,other,course,mother,1,3,0,no,no,no,no,yes,yes,yes,no,4,4,5,1,3,5,8,11,13,14,False,7,3,Negative,-1,0.05
GP,F,17,U,GT3,T,3,2,other,other,home,mother,1,2,0,no,yes,no,no,yes,yes,yes,yes,4,3,2,2,3,2,0,12,13,15,False,6,5,Positive,1,0.79
GP,F,18,U,LE3,T,3,3,services,services,home,mother,1,4,0,no,yes,no,no,yes,yes,yes,no,5,3,3,1,1,1,4,14,14,15,False,14,0,Positive,1,0.2
GP,F,17,R,GT3,A,3,2,other,other,home,mother,1,2,0,no,yes,no,no,yes,yes,yes,no,4,3,3,2,3,2,0,14,14,16,False,14,3,Neutral,0,0.26
GP,M,18,U,GT3,T,4,4,teacher,services,home,father,1,2,0,no,yes,no,yes,yes,yes,yes,no,4,3,3,2,2,2,0,12,12,13,False,6,0,Negative,-1,0.16
GP,M,18,U,LE3,T,3,4,services,other,home,mother,1,2,0,no,no,no,yes,yes,yes,yes,yes,4,3,3,1,3,5,6,16,16,17,False,6,3,Positive,1,0.33
GP,F,17,U,GT3,A,2,2,at_home,at_home,home,father,1,2,0,no,yes,no,no,yes,yes,yes,yes,3,3,1,1,2,4,18,10,12,14,False,13,0,Neutral,0,0.76
GP,F,18,U,GT3,T,2,3,at_home,other,course,mother,1,3,0,no,yes,no,no,yes,yes,yes,no,4,3,3,1,2,3,0,11,12,14,False,3,0,Positive,1,0.52
GP,F,18,U,GT3,T,3,2,other,services,other,mother,1,3,0,no,no,no,no,yes,yes,yes,yes,5,4,3,2,3,1,4,14,16,17,False,6,3,Positive,1,0.2
GP,M,18,R,GT3,T,4,3,teacher,services,course,mother,1,3,0,no,no,no,no,yes,yes,yes,yes,5,3,2,1,2,4,4,15,14,17,False,8,0,Negative,-1,0.88
GP,M,18,U,GT3,T,4,3,teacher,other,course,mother,1,3,0,no,yes,no,no,yes,yes,yes,yes,5,4,5,2,3,5,0,14,13,14,False,11,0,Negative,-1,0.88
GP,F,17,U,GT3,T,4,3,health,other,reputation,mother,1,3,0,no,yes,no,yes,yes,yes,yes,yes,4,4,3,1,3,4,0,11,12,13,False,11,2,Positive,1,0.87
GP,F,17,U,GT3,T,2,1,services,other,course,mother,2,2,0,no,yes,no,yes,yes,yes,yes,yes,4,3,4,2,2,1,10,12,15,15,False,2,2,Negative,-1,0.24
GP,F,17,U,GT3,T,2,1,services,other,reputation,mother,1,2,0,no,yes,no,yes,yes,yes,yes,no,4,3,5,2,4,4,4,12,16,16,False,5,2,Neutral,0,0.45
GP,F,19,U,LE3,A,2,3,at_home,other,home,other,2,1,1,no,no,no,no,yes,no,yes,no,2,2,3,3,4,5,16,10,11,11,False,14,2,Negative,-1,0.98
GP,F,17,U,GT3,T,3,1,other,at_home,home,mother,1,1,1,no,yes,yes,no,yes,yes,yes,yes,4,1,2,1,1,3,6,10,13,13,False,1,1,Neutral,0,0.77
GP,F,21,U,LE3,T,4,4,other,other,reputation,other,1,3,2,no,no,yes,yes,yes,yes,yes,no,3,3,2,1,1,5,0,9,12,12,False,12,0,Neutral,0,0.03
GP,M,18,U,LE3,T,2,2,services,services,reputation,mother,1,2,0,no,yes,no,yes,no,no,yes,no,4,4,4,1,3,3,11,9,11,12,False,1,0,Neutral,0,0.07
GP,M,18,U,LE3,A,3,4,other,other,reputation,other,1,2,0,no,no,no,yes,yes,yes,yes,yes,4,3,5,1,4,2,9,13,14,15,False,5,0,Neutral,0,0.46
GP,F,17,U,GT3,T,2,2,services,services,reputation,mother,1,2,0,no,yes,no,yes,yes,yes,yes,no,4,3,4,1,3,4,0,13,17,17,False,12,5,Positive,1,0.91
GP,M,17,U,LE3,A,4,4,health,other,reputation,mother,1,3,0,no,yes,no,no,yes,yes,yes,no,4,4,2,1,2,4,2,12,15,15,False,13,1,Positive,1,0.54
GP,F,18,U,LE3,T,4,2,teacher,other,course,mother,1,2,0,no,yes,no,yes,yes,yes,yes,no,4,2,2,1,1,3,0,14,17,17,False,3,1,Positive,1,0.5
GP,M,21,R,LE3,T,1,1,at_home,other,course,other,2,2,2,no,yes,no,yes,yes,no,yes,yes,5,3,3,5,2,4,21,9,10,10,False,4,1,Neutral,0,0.11
GP,F,20,R,GT3,T,1,1,other,other,reputation,other,2,3,0,no,no,no,no,yes,yes,yes,yes,3,2,2,1,3,3,8,11,15,15,False,3,5,Positive,1,0.66
GP,F,19,U,GT3,T,4,4,teacher,other,home,other,1,1,1,no,yes,no,no,yes,yes,yes,yes,3,2,5,4,4,5,5,9,10,11,False,1,0,Neutral,0,0.82
GP,M,17,U,LE3,A,3,2,other,other,reputation,mother,1,2,0,no,yes,no,no,yes,yes,yes,no,4,4,4,1,2,5,10,16,18,18,False,1,1,Negative,-1,0.38
GP,F,18,U,GT3,T,3,2,at_home,other,reputation,father,1,3,0,no,yes,no,no,yes,yes,yes,yes,4,3,4,1,2,2,5,14,17,17,False,12,1,Positive,1,0.78
GP,M,18,R,GT3,T,2,3,other,services,reputation,father,1,1,0,no,no,no,no,yes,yes,yes,no,3,1,3,4,5,4,13,13,14,14,False,12,2,Neutral,0,0.96
GP,M,19,U,GT3,T,2,1,other,other,reputation,mother,1,1,0,no,no,no,no,yes,yes,yes,no,5,3,4,1,4,4,10,7,11,11,False,14,0,Positive,1,0.2
GP,F,18,U,LE3,A,2,2,services,other,reputation,mother,2,2,0,no,yes,no,no,yes,yes,yes,no,4,1,4,1,3,4,10,14,17,17,False,13,5,Negative,-1,0.52
GP,F,20,U,GT3,T,1,0,other,other,reputation,mother,2,1,1,yes,no,no,no,yes,yes,yes,yes,5,3,1,1,1,5,5,8,10,10,False,14,5,Positive,1,0.29
GP,F,18,U,GT3,T,3,2,services,other,home,mother,1,2,0,no,yes,no,yes,no,yes,yes,yes,3,1,2,1,2,1,4,10,13,13,False,5,1,Neutral,0,0.79
MS,F,16,U,GT3,T,1,3,at_home,other,other,father,2,1,0,no,yes,no,no,yes,no,yes,yes,4,3,3,1,3,5,11,10,11,11,False,6,2,Negative,-1,0.58
MS,F,16,R,GT3,T,2,2,other,other,course,mother,2,2,0,no,yes,no,yes,yes,yes,yes,no,4,4,4,1,1,5,0,12,12,12,False,3,5,Negative,-1,0.63
MS,F,15,R,GT3,T,1,1,at_home,services,other,mother,1,1,1,no,yes,no,no,yes,yes,no,yes,4,1,3,1,1,2,6,10,10,10,False,12,2,Neutral,0,0.8
MS,F,15,R,GT3,T,3,3,at_home,other,course,mother,2,1,0,no,yes,no,no,yes,yes,yes,no,5,4,4,2,3,5,4,10,10,11,False,9,0,Neutral,0,0.4
MS,F,16,R,GT3,T,2,3,at_home,services,course,mother,2,2,0,no,no,no,no,yes,yes,no,no,4,5,2,1,2,5,0,16,17,17,False,5,1,Neutral,0,0.92
MS,F,15,R,LE3,T,2,1,at_home,other,home,mother,2,1,0,no,no,no,no,yes,no,no,no,1,3,4,1,1,1,0,6,8,9,True,8,2,Negative,-1,0.53
MS,M,16,R,LE3,A,4,4,at_home,other,home,mother,1,2,0,no,yes,no,no,yes,yes,no,no,5,3,2,1,3,2,5,10,11,11,False,13,1,Neutral,0,0.16
MS,M,16,U,GT3,A,1,2,other,other,other,mother,1,3,0,yes,no,no,no,yes,yes,yes,no,4,4,3,1,1,5,0,10,11,11,False,1,2,Positive,1,0.7
MS,F,17,R,GT3,T,3,2,at_home,other,course,father,1,2,1,no,no,no,no,yes,yes,no,yes,4,5,4,1,2,5,0,10,10,10,False,14,5,Negative,-1,0.79
MS,F,17,R,GT3,T,1,1,other,other,other,father,1,1,1,no,yes,no,no,no,no,yes,no,5,4,4,2,2,5,0,6,6,7,True,5,5,Neutral,0,0.32
MS,F,15,R,GT3,T,4,4,teacher,other,course,mother,2,1,0,no,no,no,no,yes,yes,yes,yes,1,5,1,3,5,5,0,13,14,14,False,3,1,Neutral,0,0.86
MS,F,16,U,LE3,A,2,2,at_home,other,reputation,mother,2,4,0,no,no,no,yes,no,no,no,yes,1,2,1,1,1,1,4,10,9,11,False,12,0,Positive,1,0.91
MS,F,15,R,LE3,T,1,1,at_home,services,reputation,father,2,2,0,no,yes,no,no,yes,yes,yes,no,5,4,3,1,2,4,0,10,10,10,False,1,7,Neutral,0,0.28
MS,F,15,R,LE3,T,1,1,other,services,course,mother,2,1,1,no,yes,no,no,yes,yes,yes,yes,4,4,3,1,2,2,4,6,7,8,True,4,3,Positive,1,0.98
MS,F,16,R,GT3,T,0,2,other,other,other,mother,2,1,0,no,yes,no,yes,yes,yes,no,no,3,2,3,1,2,2,0,12,11,12,False,13,0,Neutral,0,0.14
MS,F,17,R,GT3,T,2,3,other,other,course,mother,2,1,0,no,yes,no,no,yes,yes,yes,no,5,5,5,1,3,3,2,10,11,12,False,5,5,Positive,1,0.2
MS,F,15,R,GT3,T,3,3,other,services,course,father,2,1,0,no,no,no,no,no,yes,yes,no,4,1,3,1,1,4,0,14,16,16,False,7,5,Neutral,0,0.18
MS,M,16,U,GT3,T,1,1,at_home,services,home,mother,2,2,0,no,yes,no,yes,yes,yes,no,yes,5,4,5,4,5,3,0,7,0,0,True,1,1,Negative,-1,0.89
MS,M,17,U,GT3,T,1,1,other,other,home,mother,1,2,0,no,no,yes,no,no,yes,yes,no,4,4,3,2,4,5,4,8,9,9,True,3,1,Positive,1,0.65
MS,M,15,R,LE3,T,4,1,health,services,reputation,father,1,2,0,no,yes,no,yes,yes,yes,yes,no,5,3,4,1,2,2,0,12,13,14,False,2,0,Negative,-1,0.15
MS,M,15,R,LE3,T,4,1,health,services,reputation,father,1,2,0,no,yes,no,yes,yes,yes,yes,no,5,3,4,1,2,2,7,7,9,8,True,9,0,Positive,1,0.44
MS,M,16,R,GT3,T,3,4,other,health,other,mother,3,2,0,no,no,no,no,no,yes,no,no,3,4,5,1,2,5,4,9,10,11,False,10,0,Negative,-1,0.62
MS,M,15,R,GT3,T,1,1,other,other,course,mother,4,2,0,no,yes,no,yes,yes,yes,no,yes,5,4,5,2,4,4,8,7,9,9,True,6,3,Neutral,0,0.08
MS,M,15,U,LE3,T,3,3,at_home,at_home,reputation,father,1,2,0,no,yes,no,yes,yes,yes,yes,no,5,3,3,1,1,5,0,11,11,11,False,10,0,Neutral,0,0.88
MS,M,17,R,GT3,T,2,1,other,other,other,mother,3,1,0,no,no,no,yes,yes,no,no,yes,5,5,5,5,5,3,8,8,10,9,True,3,0,Neutral,0,0.8
MS,F,16,R,GT3,T,4,4,teacher,teacher,course,mother,2,3,0,no,no,no,yes,yes,yes,yes,yes,4,2,2,1,1,4,6,16,16,17,False,8,0,Negative,-1,0.51
MS,F,15,R,GT3,T,1,2,other,services,course,mother,2,1,0,no,no,no,no,yes,yes,no,no,5,1,2,1,1,1,3,11,13,13,False,14,1,Positive,1,0.97
MS,F,16,R,GT3,T,2,3,other,services,course,mother,3,2,0,no,yes,no,no,yes,yes,yes,no,4,5,4,1,2,1,2,15,15,15,False,8,5,Positive,1,0.42
MS,M,16,R,GT3,T,1,2,other,other,course,father,2,2,0,no,no,no,no,yes,yes,no,no,4,3,3,1,1,5,0,10,11,11,False,2,0,Neutral,0,0.98
MS,F,16,R,GT3,T,2,2,other,other,course,mother,3,2,0,no,yes,no,no,yes,yes,yes,no,4,4,5,1,1,4,4,9,10,11,False,6,0,Negative,-1,0.67
MS,F,16,U,GT3,T,1,2,other,services,course,mother,1,3,1,no,yes,no,no,yes,yes,no,no,1,3,2,1,2,4,0,10,8,8,True,7,2,Neutral,0,0.63
MS,F,16,U,GT3,T,1,2,other,services,course,mother,1,3,1,no,yes,no,no,yes,yes,no,no,1,3,2,1,2,4,3,9,8,8,True,2,1,Neutral,0,0.17
MS,F,15,U,GT3,T,2,1,at_home,other,home,mother,1,2,0,yes,yes,no,no,no,yes,yes,no,4,4,2,3,3,2,0,9,10,9,True,11,0,Positive,1,0.88
MS,F,16,U,GT3,T,1,1,at_home,other,course,father,1,2,0,no,yes,no,no,no,yes,no,yes,5,4,3,2,1,2,0,13,14,15,False,10,1,Negative,-1,0.43
MS,M,17,R,LE3,T,1,2,at_home,services,reputation,mother,1,1,0,no,yes,no,yes,yes,yes,yes,no,5,5,5,5,5,3,4,10,11,11,False,2,0,Positive,1,0.16
MS,F,16,R,GT3,T,1,1,other,other,home,father,4,4,0,no,yes,no,no,no,yes,yes,no,4,3,2,1,1,1,0,13,10,13,False,10,0,Neutral,0,0.01
MS,F,16,R,GT3,T,1,1,at_home,other,other,father,4,3,0,yes,yes,no,no,yes,yes,no,no,4,4,3,1,1,5,2,10,9,10,False,1,1,Positive,1,0.56
MS,F,15,R,GT3,T,1,1,at_home,other,home,father,2,2,0,no,yes,no,yes,yes,yes,yes,no,4,3,3,1,1,2,1,11,10,11,False,8,1,Positive,1,0.53
MS,F,16,R,GT3,T,1,1,at_home,other,other,mother,2,1,0,no,no,no,yes,yes,yes,yes,yes,4,2,2,4,3,2,0,13,12,14,False,1,5,Positive,1,0.72
MS,F,15,R,GT3,T,1,1,at_home,at_home,course,father,3,2,0,no,yes,no,no,yes,yes,no,no,4,2,1,1,2,2,0,13,14,14,False,9,0,Positive,1,0.89
MS,F,15,R,LE3,T,2,2,other,other,other,father,1,3,0,yes,yes,no,no,yes,yes,no,no,4,4,3,2,2,5,2,14,11,12,False,11,1,Neutral,0,0.08
MS,M,16,R,GT3,T,1,1,at_home,other,other,father,2,1,0,no,no,no,yes,yes,yes,no,no,3,4,4,3,4,5,6,11,11,11,False,6,2,Positive,1,0.73
MS,F,18,U,GT3,T,1,2,other,other,course,father,1,2,1,no,yes,no,yes,yes,yes,yes,yes,3,4,4,2,3,5,9,9,8,8,True,7,0,Positive,1,0.19
MS,M,15,U,GT3,T,3,1,other,services,home,mother,2,1,0,no,yes,no,no,yes,yes,no,no,3,2,3,1,3,4,0,10,9,11,False,13,2,Positive,1,0.86
MS,F,16,R,GT3,T,2,2,other,services,course,father,3,2,0,no,yes,no,yes,yes,yes,yes,no,5,3,4,1,1,2,1,14,13,14,False,10,0,Positive,1,0.82
MS,M,15,U,GT3,T,2,2,health,other,reputation,mother,3,1,0,no,no,no,no,yes,yes,no,no,4,3,3,1,2,4,1,13,12,13,False,7,7,Positive,1,0.54
MS,M,16,U,GT3,T,4,4,other,teacher,course,father,1,2,0,no,yes,no,yes,yes,yes,no,yes,4,3,1,1,1,3,0,13,12,13,False,10,0,Positive,1,0.71
MS,F,15,R,GT3,T,3,3,services,other,reputation,mother,1,2,0,no,yes,no,no,yes,yes,yes,yes,4,5,4,1,1,1,4,13,12,12,False,3,1,Neutral,0,0.31
MS,F,16,R,GT3,T,2,2,at_home,other,course,mother,2,2,1,no,yes,no,yes,no,yes,no,no,4,4,4,2,3,5,2,12,11,12,False,2,0,Neutral,0,0.47
MS,F,16,R,LE3,T,2,2,other,other,home,father,3,1,0,no,yes,no,yes,yes,yes,no,yes,4,3,2,1,1,4,0,14,14,16,False,9,7,Neutral,0,0.82
MS,M,16,U,LE3,T,2,1,at_home,services,course,mother,2,1,0,no,yes,no,yes,yes,yes,yes,no,2,4,3,2,3,4,4,10,8,10,False,8,1,Neutral,0,0.46
MS,M,15,R,LE3,T,1,3,at_home,other,reputation,father,3,1,0,no,yes,no,yes,yes,yes,yes,no,4,2,4,3,5,3,2,10,11,11,False,13,1,Positive,1,0.36
MS,F,15,U,GT3,T,2,2,other,services,course,mother,2,3,0,no,yes,no,yes,yes,yes,no,no,5,3,2,1,1,4,0,12,13,14,False,12,0,Negative,-1,0.49
MS,F,16,R,LE3,T,2,1,other,other,home,mother,1,1,0,no,yes,no,no,yes,yes,yes,yes,5,4,3,1,1,5,2,10,8,8,True,10,2,Neutral,0,0.83
MS,M,15,U,GT3,T,3,3,services,services,course,father,2,1,0,no,yes,no,yes,no,yes,yes,no,4,3,3,2,4,3,11,12,10,11,False,7,0,Neutral,0,0.34
MS,F,16,R,GT3,T,1,1,at_home,other,course,father,2,2,3,yes,yes,no,no,yes,yes,no,no,3,4,3,1,1,1,0,7,7,8,True,9,5,Positive,1,0.17
MS,F,17,U,GT3,T,2,2,other,at_home,course,mother,1,1,0,no,yes,no,yes,yes,no,no,no,4,5,3,1,1,5,4,9,9,10,False,4,0,Positive,1,0.71
MS,F,19,U,GT3,T,2,3,at_home,services,course,other,1,1,1,no,no,no,no,yes,no,yes,yes,4,4,4,1,1,2,0,9,9,10,False,13,0,Positive,1,0.83
MS,F,17,R,GT3,T,2,1,at_home,other,course,mother,3,1,0,no,yes,no,yes,yes,no,no,yes,5,5,3,1,1,3,2,9,10,11,False,4,0,Positive,1,0.1
MS,F,15,R,LE3,T,1,1,at_home,other,course,mother,2,1,0,no,yes,no,no,yes,no,no,yes,5,2,1,1,3,4,0,9,10,9,True,1,1,Neutral,0,0.24
MS,F,16,R,GT3,T,2,2,other,other,course,father,3,2,0,no,yes,no,no,yes,no,yes,no,3,4,5,1,2,1,1,9,10,11,False,8,1,Neutral,0,0.14
MS,F,16,U,LE3,A,2,2,other,other,home,mother,1,1,0,no,yes,no,no,yes,no,no,no,4,3,4,1,2,1,6,7,7,8,True,14,0,Neutral,0,0.35
MS,F,17,R,GT3,T,2,2,at_home,other,course,mother,2,2,0,no,yes,no,no,yes,yes,yes,no,4,3,5,1,2,4,0,11,10,11,False,14,3,Neutral,0,0.45
MS,F,16,U,GT3,T,2,2,other,services,course,father,1,1,1,no,yes,yes,yes,no,yes,yes,no,4,4,3,1,4,3,1,9,10,10,False,12,1,Negative,-1,0.75
MS,F,18,R,LE3,A,3,2,other,other,course,other,2,3,2,no,yes,no,no,no,no,no,yes,3,3,2,1,1,2,6,7,9,10,False,3,1,Neutral,0,0.65
MS,F,19,U,GT3,T,1,1,at_home,services,course,mother,1,3,1,no,no,no,yes,yes,no,no,yes,5,3,1,1,1,3,6,7,9,9,True,7,1,Negative,-1,0.62
MS,M,18,R,GT3,T,1,1,other,other,home,mother,2,1,1,no,no,no,yes,yes,no,yes,no,4,4,3,3,4,4,0,8,9,10,False,12,1,Positive,1,0.35
MS,F,18,R,GT3,T,1,1,at_home,at_home,course,mother,2,1,1,no,no,no,no,no,no,yes,yes,3,2,3,1,1,2,4,9,11,10,False,2,1,Positive,1,0.84
MS,F,19,U,GT3,T,1,1,other,other,course,other,2,2,1,no,yes,no,no,yes,yes,yes,yes,1,1,4,4,1,1,12,7,8,9,True,2,0,Positive,1,0.47
MS,F,16,R,GT3,A,2,2,health,other,course,mother,1,2,0,no,no,no,no,no,yes,no,yes,3,3,2,1,1,3,2,8,10,10,False,7,0,Neutral,0,0.98
MS,F,17,U,GT3,T,0,1,other,at_home,course,father,2,1,0,no,no,no,yes,no,yes,no,no,2,4,4,3,5,5,5,9,9,10,False,6,5,Negative,-1,0.63
MS,F,16,R,LE3,T,1,2,at_home,other,course,mother,1,2,0,no,no,no,yes,yes,no,yes,no,4,4,5,1,3,3,0,8,9,9,True,3,5,Positive,1,0.13
MS,F,16,U,GT3,T,3,3,other,other,reputation,mother,1,1,0,no,no,no,yes,yes,no,yes,yes,4,5,4,1,1,4,0,14,13,13,False,9,0,Negative,-1,0.68
MS,F,16,R,LE3,T,1,1,services,services,home,mother,1,1,0,no,yes,no,yes,yes,yes,yes,yes,4,4,4,2,2,4,2,14,14,14,False,10,0,Positive,1,0.33
MS,M,17,U,GT3,T,3,3,services,at_home,course,mother,2,4,1,no,yes,yes,yes,yes,yes,no,no,5,4,5,3,4,5,0,10,11,10,False,14,2,Negative,-1,0.69
MS,F,16,U,GT3,T,2,1,other,services,course,mother,1,2,0,no,yes,no,yes,yes,yes,yes,no,5,3,3,1,1,1,0,14,13,14,False,13,1,Positive,1,0.07
MS,F,16,U,GT3,T,2,2,services,other,course,mother,1,1,0,no,yes,yes,yes,yes,yes,no,yes,4,2,5,1,2,5,0,17,16,16,False,6,0,Positive,1,0.17
MS,M,17,U,GT3,T,1,2,other,other,course,father,1,1,1,no,yes,no,yes,yes,no,yes,yes,5,3,5,5,5,1,12,6,7,7,True,10,0,Neutral,0,0.86
MS,M,16,U,LE3,T,4,3,other,other,course,father,1,1,0,no,no,no,yes,yes,yes,yes,no,4,2,5,1,5,5,8,14,12,13,False,10,2,Positive,1,0.23
MS,M,17,R,LE3,T,2,2,services,services,other,mother,3,4,1,no,yes,no,no,yes,yes,no,no,1,3,5,3,5,3,2,10,8,9,True,6,2,Positive,1,0.84
MS,F,16,U,GT3,T,1,1,other,other,course,other,1,4,0,yes,yes,no,yes,yes,yes,yes,no,2,2,1,1,1,5,0,14,14,14,False,1,0,Positive,1,0.28
MS,F,19,U,LE3,T,2,2,other,other,home,mother,1,3,0,no,no,no,no,yes,yes,yes,yes,5,4,5,1,1,1,0,12,13,13,False,4,0,Negative,-1,0.64
MS,F,17,R,GT3,T,1,1,at_home,other,reputation,mother,2,1,0,no,yes,no,yes,no,yes,yes,yes,4,4,5,1,2,5,0,11,11,11,False,10,0,Neutral,0,0.69
MS,F,20,U,GT3,T,3,3,at_home,services,other,mother,2,2,1,no,no,no,yes,yes,yes,yes,yes,3,3,4,2,4,3,8,11,9,10,False,6,2,Positive,1,0.51
MS,F,17,U,LE3,T,1,1,other,services,course,father,1,3,0,no,yes,no,no,yes,yes,no,yes,4,3,3,1,1,3,0,11,11,10,False,6,0,Neutral,0,0.31
MS,M,17,R,GT3,T,2,2,other,other,course,mother,3,1,1,no,yes,no,no,no,yes,yes,no,4,4,5,1,2,5,0,10,9,9,True,11,0,Neutral,0,0.21
MS,F,16,R,LE3,T,1,1,at_home,other,course,father,3,2,0,no,yes,no,no,yes,yes,no,no,5,3,2,1,1,1,0,16,17,18,False,12,3,Positive,1,0.03
MS,F,17,R,GT3,T,2,2,other,other,reputation,mother,2,2,0,no,yes,no,yes,yes,yes,no,no,5,3,2,1,1,1,0,15,17,17,False,5,0,Positive,1,0.3
MS,F,17,U,GT3,A,1,0,other,other,other,mother,2,2,0,no,no,no,no,yes,yes,yes,yes,4,4,5,1,1,4,1,11,9,10,False,1,2,Positive,1,0.65
MS,F,18,R,GT3,T,1,1,at_home,other,other,mother,1,2,1,no,yes,no,no,yes,yes,yes,yes,4,3,2,1,1,5,9,7,7,7,True,8,0,Positive,1,0.94
MS,F,16,U,GT3,T,3,1,other,other,course,mother,1,1,0,no,no,no,yes,yes,yes,yes,no,3,1,3,1,3,1,0,8,6,8,True,5,0,Neutral,0,0.87
MS,F,16,U,GT3,T,3,2,services,at_home,course,mother,1,1,0,no,no,no,no,yes,yes,yes,no,3,1,3,1,4,3,2,7,6,7,True,12,0,Positive,1,0.77
MS,F,18,U,LE3,T,1,1,other,at_home,reputation,mother,2,2,0,yes,no,no,no,yes,yes,no,no,2,3,5,1,4,3,8,9,8,10,False,12,2,Neutral,0,0.79
MS,F,16,R,GT3,T,4,4,health,teacher,reputation,father,1,2,0,no,no,no,yes,no,yes,yes,yes,4,3,3,2,3,2,0,14,16,16,False,12,5,Neutral,0,0.66
MS,F,16,R,LE3,T,1,2,other,other,reputation,mother,2,1,0,no,no,no,yes,yes,yes,yes,no,5,4,5,1,4,2,0,14,14,15,False,5,3,Positive,1,0.26
MS,F,18,U,GT3,A,2,4,other,services,reputation,father,1,2,1,no,yes,no,no,yes,yes,yes,no,2,3,2,1,3,1,8,8,5,8,True,7,0,Neutral,0,0.91
MS,M,16,R,GT3,T,2,1,other,services,reputation,mother,2,2,0,no,no,no,yes,yes,yes,yes,no,5,2,1,1,1,2,0,8,7,0,True,4,2,Positive,1,0.67
MS,F,16,U,LE3,T,1,1,at_home,other,other,mother,3,2,0,no,yes,no,no,yes,yes,yes,no,4,3,2,1,3,5,6,6,8,8,True,6,0,Negative,-1,0.56
MS,F,16,R,GT3,T,2,3,at_home,services,other,mother,2,2,0,no,yes,no,yes,yes,yes,yes,no,3,3,3,1,1,2,0,8,10,10,False,13,0,Neutral,0,0.11
MS,F,16,U,GT3,T,4,4,health,health,course,mother,1,2,0,no,yes,no,no,yes,yes,yes,yes,4,3,4,1,2,3,4,8,8,8,True,4,5,Negative,-1,0.45
MS,M,18,U,LE3,T,4,4,at_home,health,home,mother,1,4,0,no,yes,no,yes,yes,no,yes,yes,5,5,5,5,5,5,2,5,6,6,True,14,0,Neutral,0,0.46
MS,F,16,R,LE3,T,3,4,at_home,other,other,mother,3,2,0,no,yes,no,no,no,yes,no,no,4,2,1,1,1,2,2,7,9,8,True,3,0,Positive,1,0.86
MS,M,17,U,LE3,T,4,4,other,services,home,mother,1,3,0,no,yes,no,no,yes,yes,yes,no,4,4,3,1,2,5,0,15,14,16,False,7,0,Neutral,0,0.55
MS,F,17,R,GT3,T,4,1,other,other,other,mother,1,1,0,no,no,no,no,yes,yes,yes,yes,4,2,3,1,2,5,1,13,14,14,False,8,0,Negative,-1,0.38
MS,M,16,U,LE3,T,2,2,services,services,other,mother,4,3,0,no,no,no,no,yes,yes,no,no,5,1,3,2,2,3,0,10,9,10,False,4,0,Neutral,0,0.98
MS,F,17,R,GT3,T,2,2,at_home,other,other,mother,1,1,0,no,yes,yes,no,yes,yes,yes,no,5,1,3,1,2,5,5,9,9,9,True,13,1,Negative,-1,0.11
MS,F,16,U,LE3,T,4,4,services,services,other,father,2,1,0,no,yes,no,no,yes,yes,no,no,5,1,3,1,2,5,1,11,11,11,False,2,1,Negative,-1,0.42
MS,M,17,U,GT3,T,3,3,services,services,home,mother,1,1,0,no,yes,no,yes,yes,yes,yes,no,4,1,4,5,5,3,8,7,10,9,True,12,5,Positive,1,0.04
MS,M,17,U,GT3,T,1,1,at_home,services,other,mother,3,2,0,no,no,no,no,yes,yes,yes,yes,5,1,3,3,3,1,0,10,10,10,False,10,3,Positive,1,0.74
MS,M,16,U,GT3,T,2,1,health,services,other,mother,2,2,0,no,no,no,no,no,yes,yes,yes,4,2,2,1,4,5,2,9,7,8,True,14,0,Neutral,0,0.92
MS,F,16,U,LE3,T,2,1,other,services,other,mother,1,2,0,no,no,no,no,yes,yes,yes,yes,3,2,2,1,1,3,0,14,15,16,False,3,0,Positive,1,0.28
MS,M,16,U,LE3,T,4,4,teacher,health,other,father,1,1,0,no,yes,no,no,yes,yes,yes,no,4,1,2,2,5,5,0,11,12,12,False,1,0,Negative,-1,0.86
MS,M,15,R,GT3,T,1,2,other,services,course,mother,3,2,0,no,yes,no,yes,yes,yes,no,no,5,5,5,1,3,5,11,9,11,10,False,8,1,Negative,-1,0.29
MS,M,15,U,LE3,A,2,2,other,other,reputation,mother,3,4,0,no,yes,no,yes,yes,yes,no,no,5,4,5,2,3,5,8,13,14,14,False,3,0,Positive,1,0.91
MS,M,15,U,LE3,A,2,1,services,services,course,mother,1,1,0,no,no,no,yes,yes,yes,yes,no,4,3,3,1,2,5,11,12,13,12,False,12,2,Positive,1,0.75
MS,F,16,R,LE3,T,2,2,other,other,course,mother,1,3,0,no,yes,no,no,no,yes,no,yes,4,3,3,2,2,5,2,11,11,11,False,10,1,Neutral,0,0.8
MS,F,16,U,LE3,T,4,1,other,other,home,mother,2,2,0,no,yes,no,yes,yes,yes,yes,no,1,2,4,2,2,1,8,9,10,10,False,7,1,Positive,1,0.02
MS,F,17,U,GT3,T,3,2,at_home,other,home,mother,2,1,0,no,no,no,no,yes,yes,no,yes,4,3,3,2,2,1,5,9,11,11,False,10,1,Negative,-1,0.96
MS,F,17,R,GT3,T,2,2,other,other,other,mother,2,2,0,yes,no,yes,no,yes,yes,no,no,5,1,3,1,1,5,0,11,9,11,False,5,0,Positive,1,0.73
MS,F,16,U,GT3,T,4,4,teacher,services,course,mother,2,3,0,no,yes,no,no,yes,yes,yes,yes,5,3,5,1,4,5,1,10,11,12,False,10,5,Neutral,0,0.3
MS,M,17,R,GT3,T,4,4,health,other,course,father,3,1,3,no,no,no,yes,yes,yes,yes,yes,3,3,3,1,3,5,2,9,9,8,True,5,3,Positive,1,0.83
MS,M,17,R,LE3,T,1,3,other,other,course,father,2,1,0,no,no,no,yes,yes,yes,no,yes,5,1,2,3,3,5,2,12,11,12,False,14,0,Neutral,0,0.28
MS,M,17,U,GT3,T,3,4,services,other,other,mother,1,2,1,no,yes,no,yes,no,yes,yes,yes,5,4,4,3,4,5,8,8,9,8,True,7,5,Neutral,0,0.87
MS,F,17,U,GT3,T,4,4,health,health,course,father,1,2,0,no,yes,no,no,yes,yes,yes,no,5,2,5,1,1,5,0,13,15,16,False,9,1,Neutral,0,0.11
MS,M,16,R,LE3,T,4,1,other,at_home,other,father,1,1,0,no,no,no,no,yes,yes,yes,no,4,1,2,2,1,2,0,10,11,11,False,12,5,Positive,1,0.7
MS,F,17,U,GT3,A,1,1,at_home,at_home,other,mother,1,2,0,no,no,no,yes,yes,yes,yes,yes,4,5,5,1,2,3,2,11,10,11,False,5,3,Neutral,0,0.54
MS,F,17,R,GT3,T,4,2,other,other,course,mother,2,2,0,yes,yes,no,no,no,yes,yes,no,4,3,3,2,3,5,0,17,18,18,False,1,1,Negative,-1,0.1
MS,M,16,U,LE3,A,2,2,other,services,course,father,2,2,0,no,yes,no,no,no,yes,yes,yes,4,1,2,2,2,5,0,12,13,13,False,10,0,Positive,1,0.24
MS,M,17,U,GT3,T,3,2,other,other,other,father,2,2,0,no,yes,yes,no,yes,yes,yes,no,4,1,2,2,2,1,0,13,14,13,False,10,0,Positive,1,0.01
MS,M,19,U,GT3,T,1,1,other,other,other,mother,1,2,2,no,yes,no,yes,yes,no,yes,no,4,4,3,3,4,4,2,9,9,10,False,1,1,Positive,1,0.47
MS,M,17,U,LE3,A,1,0,other,other,home,mother,1,1,0,no,no,no,no,yes,yes,no,yes,4,1,2,1,1,5,4,11,11,12,False,2,2,Neutral,0,0.3
MS,F,17,R,GT3,T,1,1,at_home,at_home,course,father,2,1,0,no,yes,no,yes,yes,no,yes,yes,3,5,5,2,2,4,3,10,11,10,False,14,0,Neutral,0,0.6
MS,F,16,R,GT3,T,1,2,other,other,home,father,1,3,0,yes,yes,no,no,no,yes,yes,yes,4,3,4,1,1,3,5,13,14,13,False,6,0,Neutral,0,0.3
MS,M,16,R,LE3,T,1,2,other,at_home,course,mother,1,1,0,no,no,no,no,yes,yes,no,no,4,4,4,2,4,5,4,9,10,11,False,9,3,Positive,1,0.3
MS,F,17,R,GT3,T,3,1,other,other,course,mother,2,2,3,no,yes,no,yes,no,yes,yes,yes,5,4,4,1,1,5,2,7,9,10,False,8,7,Positive,1,0.74
MS,M,17,R,GT3,T,2,2,other,other,course,mother,2,1,0,no,no,no,yes,yes,no,no,yes,5,5,5,3,5,5,0,8,13,10,False,13,1,Neutral,0,0.05
MS,M,18,R,GT3,T,1,0,at_home,at_home,course,other,3,1,1,yes,yes,no,no,yes,yes,no,no,4,3,2,1,1,4,0,12,12,13,False,5,0,Neutral,0,0.9
MS,M,17,R,GT3,T,1,1,other,services,course,mother,2,1,0,no,yes,no,yes,no,yes,yes,yes,4,5,5,1,3,2,0,10,9,10,False,1,0,Negative,-1,0.85
MS,M,18,U,LE3,T,1,1,at_home,at_home,course,mother,2,2,0,no,yes,no,yes,yes,yes,no,no,4,3,3,1,4,5,6,10,9,10,False,13,0,Positive,1,0.67
MS,F,16,R,LE3,T,2,2,other,services,course,father,1,2,0,no,no,no,yes,yes,yes,no,yes,5,4,3,1,1,1,0,11,13,12,False,7,5,Neutral,0,0.59
MS,M,17,U,GT3,T,2,2,other,other,course,mother,1,1,1,no,no,no,yes,yes,yes,no,yes,1,2,1,2,3,5,0,7,0,0,True,5,0,Positive,1,0.89
MS,M,16,R,GT3,T,3,2,services,other,course,father,2,1,0,no,no,no,no,yes,yes,yes,no,4,5,5,2,3,5,2,11,9,10,False,6,1,Positive,1,0.19
MS,M,16,R,LE3,T,1,1,at_home,other,course,mother,2,1,0,no,no,no,yes,yes,yes,yes,no,4,5,5,2,4,5,0,10,10,9,True,13,0,Neutral,0,0.08
MS,M,18,R,GT3,T,1,1,services,other,course,other,2,1,1,no,yes,no,no,yes,no,yes,yes,5,3,3,2,3,5,2,9,7,9,True,7,1,Neutral,0,0.24
MS,M,18,R,GT3,T,3,2,services,other,course,mother,1,1,1,no,no,no,no,yes,no,yes,no,2,3,1,2,2,5,0,4,0,0,True,3,2,Negative,-1,0.79
MS,M,19,U,GT3,T,3,2,at_home,services,course,mother,2,1,3,no,no,no,yes,yes,yes,no,no,3,2,1,1,1,3,4,6,11,9,True,12,3,Positive,1,0.03
MS,M,18,U,GT3,T,3,3,at_home,at_home,course,mother,1,2,2,no,yes,no,yes,yes,no,yes,no,4,4,5,1,3,3,9,4,8,8,True,10,0,Positive,1,0.58
MS,M,16,R,GT3,T,2,2,services,services,course,mother,2,1,0,no,yes,no,yes,yes,yes,yes,yes,5,4,3,2,4,4,6,7,8,8,True,3,0,Neutral,0,1.0
MS,M,19,U,GT3,T,2,1,at_home,other,course,other,2,1,3,no,no,no,yes,no,no,yes,yes,4,4,3,1,3,5,4,8,9,9,True,5,0,Neutral,0,0.86
MS,F,16,U,GT3,A,3,2,services,at_home,course,mother,2,2,2,no,yes,no,yes,yes,yes,no,yes,2,5,5,1,1,1,8,5,5,7,True,6,5,Positive,1,0.52
MS,F,17,U,GT3,T,1,1,other,at_home,course,mother,1,1,0,no,yes,no,yes,yes,yes,no,no,4,3,2,1,2,5,9,7,9,10,False,9,5,Positive,1,0.06
MS,M,20,R,GT3,T,1,1,other,other,course,other,2,1,1,no,yes,no,no,yes,no,yes,yes,4,4,3,2,4,4,12,8,11,10,False,13,1,Positive,1,0.83
MS,F,18,R,GT3,A,4,3,services,services,course,mother,1,1,0,no,yes,no,no,yes,yes,yes,no,5,4,4,3,4,2,8,10,11,10,False,14,2,Negative,-1,0.6
MS,M,18,R,GT3,T,3,2,other,other,course,mother,2,1,0,no,yes,no,no,no,yes,yes,no,2,5,5,5,5,5,8,9,10,11,False,12,2,Positive,1,0.11
MS,M,19,R,GT3,T,1,1,other,services,home,other,3,2,1,no,no,no,no,yes,yes,yes,no,5,4,4,3,3,2,8,10,9,11,False,5,0,Positive,1,0.09
MS,M,17,U,GT3,T,3,3,health,other,course,mother,2,2,1,no,yes,no,no,yes,yes,yes,no,4,5,4,2,3,3,4,8,9,10,False,1,5,Positive,1,0.91
MS,M,18,U,LE3,T,1,3,at_home,services,course,mother,1,1,0,no,no,no,no,yes,no,yes,yes,4,3,3,2,3,3,0,9,10,9,True,14,1,Positive,1,0.67
MS,M,19,R,GT3,T,1,1,other,other,home,other,3,1,1,no,yes,no,no,yes,yes,yes,no,4,4,4,3,3,5,4,8,9,10,False,14,0,Positive,1,0.83
MS,F,18,U,GT3,A,1,2,at_home,other,course,mother,2,2,2,no,yes,no,no,yes,yes,no,no,4,3,3,1,1,5,2,6,8,8,True,14,1,Neutral,0,0.88
MS,F,19,U,LE3,A,1,1,at_home,other,course,mother,1,1,0,no,yes,no,no,yes,no,no,no,1,4,4,1,1,5,0,6,8,7,True,4,0,Positive,1,0.57
MS,F,18,R,GT3,T,2,2,other,other,other,mother,2,1,1,no,no,no,no,yes,no,yes,yes,5,5,5,1,1,3,0,8,6,0,True,5,0,Negative,-1,0.52
MS,F,17,R,GT3,T,0,0,at_home,other,course,mother,2,1,0,no,yes,no,no,yes,yes,yes,no,4,4,3,1,1,5,0,10,11,11,False,12,2,Positive,1,0.43
MS,F,17,R,LE3,A,3,1,other,at_home,course,other,2,3,0,no,yes,yes,no,yes,no,no,no,4,2,3,2,2,3,5,8,7,8,True,10,0,Neutral,0,0.32
MS,F,17,U,GT3,T,4,2,teacher,services,home,mother,1,2,0,yes,yes,no,yes,yes,yes,yes,no,5,5,5,1,3,5,0,8,8,0,True,10,2,Negative,-1,0.43
MS,F,18,R,LE3,T,2,2,services,services,course,mother,1,2,1,no,yes,no,yes,yes,yes,yes,no,2,3,3,1,2,4,3,7,6,8,True,5,0,Neutral,0,0.77
MS,F,17,U,GT3,T,4,1,health,at_home,course,mother,1,1,0,no,yes,no,no,yes,yes,no,yes,3,2,2,1,1,5,0,8,10,9,True,7,0,Neutral,0,0.6
MS,F,17,U,LE3,T,1,2,at_home,other,course,father,1,1,0,no,no,no,no,yes,yes,yes,no,5,5,1,1,1,3,0,7,10,10,False,4,0,Positive,1,0.89
MS,F,18,U,GT3,T,1,1,other,other,course,mother,3,2,2,no,no,no,yes,yes,yes,no,yes,3,4,4,2,2,5,3,7,8,7,True,1,0,Positive,1,0.44
MS,F,18,U,GT3,T,2,2,services,at_home,reputation,father,2,2,0,no,no,no,yes,no,yes,yes,no,4,3,5,1,1,1,2,12,13,14,False,14,2,Neutral,0,0.61
MS,F,17,U,GT3,T,3,3,services,services,course,mother,2,1,0,no,yes,no,no,yes,yes,yes,no,4,4,3,1,1,4,0,11,12,13,False,14,0,Negative,-1,0.63
MS,F,18,U,LE3,A,1,2,at_home,other,reputation,mother,2,2,0,no,no,no,no,yes,yes,yes,no,4,4,3,1,2,4,0,12,13,14,False,5,1,Neutral,0,0.59
MS,F,18,U,GT3,T,4,4,teacher,teacher,reputation,mother,2,2,0,no,no,no,yes,no,yes,yes,no,4,3,5,1,2,1,0,18,18,18,False,7,1,Neutral,0,0.7
MS,M,18,U,LE3,T,4,4,services,other,reputation,mother,1,1,0,no,yes,no,yes,yes,yes,yes,no,5,4,5,1,1,5,3,17,17,17,False,10,2,Neutral,0,0.24
MS,F,17,U,GT3,T,4,2,other,other,course,mother,2,2,0,no,yes,no,no,yes,yes,yes,no,4,3,3,1,2,4,0,17,18,18,False,10,5,Neutral,0,0.51
MS,F,18,R,GT3,T,2,2,at_home,other,course,mother,3,2,1,no,no,no,yes,yes,yes,no,yes,4,3,3,1,1,4,0,9,0,0,True,6,2,Positive,1,0.1
MS,M,18,U,LE3,T,1,2,at_home,services,home,mother,2,1,0,no,yes,no,no,no,yes,no,no,4,1,4,5,5,1,8,10,11,11,False,5,0,Neutral,0,0.38
MS,M,18,R,GT3,T,4,4,at_home,services,other,mother,3,1,0,no,yes,yes,yes,yes,yes,yes,yes,2,5,5,1,1,1,5,12,13,14,False,4,0,Negative,-1,0.49
MS,M,17,R,GT3,T,1,1,other,services,other,father,3,1,0,no,no,no,no,no,no,no,no,4,2,3,3,4,4,4,12,13,14,False,2,0,Positive,1,0.65
MS,F,18,U,GT3,T,2,2,other,other,course,mother,2,2,0,no,yes,no,no,no,yes,yes,yes,1,3,1,1,1,2,4,8,8,10,False,4,1,Neutral,0,0.95
MS,F,18,U,LE3,T,2,2,services,services,course,father,2,3,0,no,no,no,no,yes,yes,yes,yes,5,4,5,1,4,3,0,11,12,13,False,10,0,Positive,1,0.6
MS,F,18,R,LE3,A,4,2,teacher,other,reputation,mother,1,2,0,no,no,no,yes,yes,yes,yes,yes,5,3,1,1,1,5,0,5,0,0,True,10,1,Neutral,0,0.74
MS,F,18,U,GT3,T,1,1,at_home,services,course,mother,3,2,1,no,no,no,no,yes,no,no,no,4,4,2,1,2,2,2,9,10,10,False,3,1,Positive,1,0.51
MS,F,19,U,GT3,T,1,1,at_home,services,other,father,2,1,1,no,no,no,no,yes,no,no,no,5,5,5,2,3,2,0,5,0,0,True,10,0,Neutral,0,0.63
MS,F,17,U,GT3,T,4,2,teacher,other,course,father,2,4,0,no,no,no,no,yes,yes,yes,yes,4,2,3,3,1,5,0,18,18,18,False,1,3,Neutral,0,0.07
MS,F,17,R,LE3,A,2,1,services,other,reputation,mother,2,2,0,no,no,no,yes,yes,yes,yes,yes,5,3,3,1,2,2,5,11,11,12,False,8,0,Positive,1,0.25
MS,F,18,U,LE3,A,1,1,at_home,services,course,mother,1,2,0,no,no,no,no,yes,yes,no,yes,5,2,3,1,2,3,2,8,10,11,False,5,0,Neutral,0,0.36
MS,F,18,U,GT3,T,1,2,at_home,at_home,course,father,2,2,0,no,yes,no,no,yes,no,no,no,4,1,1,1,1,4,0,11,11,12,False,13,2,Neutral,0,0.47
MS,F,19,R,GT3,A,1,1,at_home,at_home,course,other,2,2,3,no,yes,no,yes,yes,no,no,yes,3,5,4,1,4,1,0,8,0,0,True,4,1,Negative,-1,0.05
MS,F,18,R,GT3,T,2,2,services,other,home,mother,2,3,0,no,no,no,no,yes,yes,yes,yes,4,2,1,1,1,4,5,14,14,15,False,8,2,Positive,1,0.14
MS,M,17,R,GT3,T,4,3,services,other,home,mother,2,2,1,no,yes,yes,yes,no,yes,yes,yes,4,5,5,1,3,2,4,10,11,11,False,7,1,Positive,1,0.28
MS,F,18,U,GT3,T,3,3,services,services,course,father,1,2,0,no,yes,no,no,yes,yes,no,yes,5,3,4,1,1,5,0,10,10,10,False,2,0,Positive,1,0.97
MS,F,17,R,GT3,T,4,4,teacher,services,other,father,2,2,0,no,yes,yes,yes,yes,yes,yes,no,4,3,3,1,2,5,2,12,12,12,False,1,3,Negative,-1,0.33
MS,F,17,U,LE3,A,3,2,services,other,reputation,mother,2,2,0,no,no,no,no,yes,yes,no,yes,1,2,3,1,2,5,0,15,14,15,False,12,3,Negative,-1,0.48
MS,M,18,U,LE3,T,1,1,other,services,home,father,2,1,0,no,no,no,no,no,yes,yes,yes,3,3,2,1,2,3,2,14,13,14,False,11,2,Neutral,0,0.2
MS,F,18,U,LE3,T,1,1,at_home,services,course,father,2,3,0,no,no,no,no,yes,yes,yes,no,5,3,2,1,1,4,0,19,17,18,False,4,0,Negative,-1,0.61
MS,F,18,R,LE3,A,1,2,at_home,other,course,mother,3,2,0,no,no,no,no,yes,yes,no,yes,4,3,4,1,4,5,0,16,15,15,False,8,1,Neutral,0,0.28
MS,F,18,U,GT3,T,3,3,services,services,other,mother,2,2,0,no,yes,no,no,yes,yes,yes,yes,4,3,2,1,3,3,6,13,12,13,False,12,0,Neutral,0,0.21
MS,F,17,U,LE3,T,4,4,at_home,at_home,course,mother,1,2,0,no,yes,no,yes,yes,yes,yes,yes,2,3,4,1,1,1,4,15,14,15,False,2,0,Positive,1,0.52
MS,F,17,R,GT3,T,1,2,other,services,course,father,2,2,0,no,no,no,no,no,yes,no,no,3,2,2,1,2,3,0,13,13,13,False,3,5,Neutral,0,0.01
MS,M,18,R,GT3,T,1,3,at_home,other,course,mother,2,2,0,no,yes,yes,no,yes,yes,no,no,3,3,4,2,4,3,0,8,10,9,True,12,0,Positive,1,0.01
MS,M,18,U,LE3,T,4,4,teacher,services,other,mother,2,3,0,no,no,no,no,yes,yes,yes,yes,4,2,2,2,2,5,0,15,16,16,False,1,7,Negative,-1,0.22
MS,F,17,R,GT3,T,1,1,other,services,reputation,mother,3,1,1,no,yes,no,no,yes,yes,yes,yes,5,2,1,1,2,1,0,8,8,9,True,1,1,Neutral,0,0.04
MS,F,18,U,GT3,T,2,3,at_home,services,course,father,2,1,0,no,yes,no,no,yes,yes,yes,yes,5,2,3,1,2,4,0,10,10,10,False,13,0,Neutral,0,0.11
MS,F,18,R,GT3,T,4,4,other,teacher,other,father,3,2,0,no,yes,no,no,no,yes,yes,yes,3,2,2,4,2,5,0,7,5,0,True,3,1,Positive,1,0.34
MS,M,18,R,LE3,T,1,2,at_home,services,other,father,3,1,0,no,yes,no,yes,yes,no,yes,yes,4,3,3,2,3,3,3,9,10,10,False,11,5,Positive,1,0.8
MS,F,17,U,GT3,T,2,2,other,at_home,home,mother,1,3,0,no,no,no,yes,yes,yes,no,yes,3,4,3,1,1,3,8,10,11,12,False,5,2,Positive,1,0.57
MS,F,17,R,GT3,T,1,2,other,other,course,mother,1,1,0,no,no,no,yes,yes,yes,yes,no,3,5,5,1,3,1,4,7,8,9,True,12,3,Positive,1,0.51
MS,F,18,R,LE3,T,4,4,other,other,reputation,mother,2,3,0,no,no,no,no,yes,yes,yes,no,5,4,4,1,1,1,0,15,17,17,False,3,2,Positive,1,0.29
MS,F,18,R,GT3,T,1,1,other,other,home,mother,4,3,0,no,no,no,no,yes,yes,yes,no,4,3,2,1,2,4,4,10,11,12,False,1,2,Negative,-1,0.93
MS,F,19,R,GT3,T,1,1,at_home,other,course,other,2,2,1,no,yes,no,no,yes,yes,yes,yes,4,3,3,1,1,3,4,7,8,9,True,1,3,Neutral,0,0.4
MS,F,18,R,LE3,T,4,4,teacher,services,course,mother,1,2,0,no,no,no,yes,yes,yes,yes,no,5,4,3,3,4,2,1,13,14,14,False,8,0,Positive,1,0.09
MS,F,18,U,GT3,T,3,3,other,other,home,mother,1,2,0,no,no,no,no,yes,yes,yes,yes,4,1,3,1,2,1,1,16,16,16,False,10,1,Positive,1,0.62
MS,F,17,R,GT3,T,3,1,at_home,other,reputation,mother,1,2,0,no,yes,no,yes,no,yes,yes,no,4,5,4,2,3,1,10,8,9,9,True,11,0,Positive,1,0.11
MS,M,18,U,GT3,T,4,4,teacher,teacher,home,father,1,2,0,no,no,no,yes,no,yes,yes,no,3,2,4,1,4,2,4,17,18,19,False,12,7,Neutral,0,0.35
MS,M,18,R,GT3,T,2,1,other,other,other,mother,2,1,0,no,no,no,yes,no,yes,yes,yes,4,4,3,1,3,5,0,7,7,0,True,13,5,Neutral,0,0.51
MS,M,17,U,GT3,T,2,3,other,services,home,father,2,2,0,no,no,no,yes,yes,yes,yes,no,4,4,3,1,1,3,4,14,15,16,False,13,0,Negative,-1,0.87
MS,M,19,R,GT3,T,1,1,other,services,other,mother,2,1,1,no,no,no,no,yes,yes,no,no,4,3,2,1,3,5,0,5,8,0,True,12,2,Neutral,0,0.49
MS,M,18,R,GT3,T,4,2,other,other,home,father,2,1,1,no,no,yes,no,yes,yes,no,no,5,4,3,4,3,3,0,7,7,0,True,14,5,Negative,-1,0.7
MS,F,18,R,GT3,T,2,2,at_home,other,other,mother,2,3,0,no,no,no,no,yes,yes,no,no,5,3,3,1,3,4,0,14,17,15,False,2,0,Negative,-1,0.99
MS,F,17,U,GT3,T,4,3,teacher,other,other,mother,2,2,0,no,no,no,no,yes,yes,yes,no,5,5,4,1,1,1,0,6,9,11,False,13,1,Positive,1,0.13
MS,F,18,R,GT3,T,4,4,teacher,at_home,reputation,mother,3,1,0,no,yes,no,yes,yes,yes,yes,yes,4,4,3,2,2,5,4,7,9,10,False,3,5,Negative,-1,0.27
MS,F,19,R,GT3,T,2,3,services,other,course,mother,1,3,1,no,no,no,yes,no,yes,yes,no,5,4,2,1,2,5,4,10,11,10,False,2,0,Positive,1,0.39
MS,F,18,U,LE3,T,3,1,teacher,services,course,mother,1,2,0,no,yes,no,no,yes,yes,yes,no,4,3,4,1,1,1,4,15,15,16,False,3,2,Negative,-1,0.42
MS,F,18,U,GT3,T,1,1,other,other,course,mother,2,2,0,no,no,no,yes,yes,yes,no,no,1,1,1,1,1,5,6,11,12,9,True,7,0,Positive,1,0.41
MS,M,17,U,LE3,T,3,1,services,services,course,mother,2,1,0,no,no,no,no,no,yes,yes,no,2,4,5,3,4,2,6,10,10,10,False,1,5,Negative,-1,0.91
MS,M,18,R,LE3,T,3,2,services,other,course,mother,3,1,0,no,no,no,no,no,yes,yes,no,4,4,1,3,4,5,4,10,11,11,False,10,7,Negative,-1,0.71
